Id,Expected
0,445.5
1,445.5
2,445.5
3,445.5
4,445.5
5,445.5
6,445.5
7,445.5
8,445.5
9,445.5
10,445.5
11,445.5
12,445.5
13,445.5
14,445.5
15,445.5
16,445.5
17,445.5
18,445.5
19,445.5
20,445.5
21,445.5
22,445.5
23,445.5
24,445.5
25,445.5
26,445.5
27,445.5
28,445.5
29,445.5
30,445.5
31,445.5
32,445.5
33,445.5
34,445.5
35,445.5
36,445.5
37,445.5
38,445.5
39,445.5
40,445.5
41,445.5
42,445.5
43,445.5
44,445.5
45,445.5
46,445.5
301,445.5
302,445.5
303,445.5
304,445.5
305,445.5
306,445.5
307,445.5
308,445.5
309,445.5
310,445.5
311,445.5
312,445.5
313,445.5
314,445.5
315,445.5
316,445.5
317,445.5
318,445.5
319,445.5
320,445.5
321,445.5
322,445.5
323,445.5
324,445.5
325,445.5
326,445.5
327,445.5
328,445.5
329,445.5
330,445.5
331,445.5
332,445.5
333,445.5
334,445.5
335,445.5
336,445.5
337,445.5
338,445.5
339,445.5
340,445.5
341,445.5
342,445.5
343,445.5
344,445.5
345,445.5
346,445.5
347,445.5
348,445.5
349,445.5
350,445.5
351,445.5
352,445.5
353,445.5
354,445.5
355,445.5
356,445.5
357,445.5
358,445.5
359,445.5
360,445.5
361,445.5
362,445.5
363,445.5
364,445.5
365,445.5
366,445.5
367,445.5
368,445.5
369,445.5
370,445.5
371,445.5
372,445.5
373,445.5
374,445.5
375,445.5
376,445.5
377,445.5
378,445.5
379,445.5
380,445.5
381,445.5
382,445.5
383,445.5
384,445.5
385,445.5
386,445.5
387,445.5
388,445.5
389,445.5
390,445.5
391,445.5
392,445.5
393,445.5
394,445.5
395,445.5
641,445.5
642,445.5
643,445.5
644,445.5
645,445.5
646,445.5
647,445.5
648,445.5
649,445.5
650,445.5
651,445.5
652,445.5
653,445.5
654,445.5
655,445.5
656,445.5
657,445.5
658,445.5
659,445.5
660,445.5
661,445.5
662,445.5
663,445.5
664,445.5
665,445.5
666,445.5
667,445.5
668,445.5
669,445.5
670,445.5
671,445.5
672,445.5
673,445.5
674,445.5
675,445.5
676,445.5
677,445.5
678,445.5
679,445.5
680,445.5
681,445.5
682,445.5
683,445.5
684,445.5
685,445.5
686,445.5
687,445.5
688,445.5
689,445.5
690,445.5
691,445.5
692,445.5
693,445.5
694,445.5
695,445.5
696,445.5
697,445.5
698,445.5
699,445.5
700,445.5
701,445.5
702,445.5
703,445.5
704,445.5
705,445.5
706,445.5
707,445.5
708,445.5
709,445.5
710,445.5
711,445.5
712,445.5
713,445.5
714,445.5
715,445.5
716,445.5
717,445.5
718,445.5
719,445.5
720,445.5
721,445.5
722,445.5
723,445.5
724,445.5
725,445.5
726,445.5
727,445.5
728,445.5
729,445.5
730,445.5
731,445.5
732,445.5
733,445.5
734,445.5
992,445.5
993,445.5
994,445.5
995,445.5
996,445.5
997,445.5
998,445.5
999,445.5
1000,445.5
1001,445.5
1002,445.5
1003,445.5
1004,445.5
1005,445.5
1006,445.5
1007,445.5
1008,445.5
1009,445.5
1010,445.5
1011,445.5
1012,445.5
1013,445.5
1014,445.5
1015,445.5
1016,445.5
1017,445.5
1018,445.5
1019,445.5
1020,445.5
1021,445.5
1022,445.5
1023,445.5
1024,445.5
1025,445.5
1026,445.5
1027,445.5
1028,445.5
1029,445.5
1030,445.5
1031,445.5
1032,445.5
1033,445.5
1034,445.5
1035,445.5
1036,445.5
1037,445.5
1038,445.5
1039,445.5
1040,445.5
1041,445.5
1042,445.5
1043,445.5
1044,445.5
1045,445.5
1046,445.5
1047,445.5
1048,445.5
1049,445.5
1050,445.5
1051,445.5
1052,445.5
1053,445.5
1054,445.5
1055,445.5
1056,445.5
1057,445.5
1058,445.5
1059,445.5
1060,445.5
1061,445.5
1062,445.5
1063,445.5
1064,445.5
1065,445.5
1066,445.5
1067,445.5
1068,445.5
1069,445.5
1070,445.5
1071,445.5
1072,445.5
1073,445.5
1074,445.5
1075,445.5
1076,445.5
1077,445.5
1078,445.5
1079,445.5
1080,445.5
1081,445.5
1082,445.5
1083,445.5
1084,445.5
1085,445.5
1337,445.5
1338,445.5
1339,445.5
1340,445.5
1341,445.5
1342,445.5
1343,445.5
1344,445.5
1345,445.5
1346,445.5
1347,445.5
1348,445.5
1349,445.5
1350,445.5
1351,445.5
1352,445.5
1353,445.5
1354,445.5
1355,445.5
1356,445.5
1357,445.5
1358,445.5
1359,445.5
1360,445.5
1361,445.5
1362,445.5
1363,445.5
1364,445.5
1365,445.5
1366,445.5
1367,445.5
1368,445.5
1369,445.5
1370,445.5
1371,445.5
1372,445.5
1373,445.5
1374,445.5
1375,445.5
1376,445.5
1377,445.5
1378,445.5
1379,445.5
1380,445.5
1381,445.5
1382,445.5
1383,445.5
1384,445.5
1643,445.5
1644,445.5
1645,445.5
1646,445.5
1647,445.5
1648,445.5
1649,445.5
1650,445.5
1651,445.5
1652,445.5
1653,445.5
1654,445.5
1655,445.5
1656,445.5
1657,445.5
1658,445.5
1659,445.5
1660,445.5
1661,445.5
1662,445.5
1663,445.5
1664,445.5
1665,445.5
1666,445.5
1667,445.5
1668,445.5
1669,445.5
1670,445.5
1671,445.5
1672,445.5
1673,445.5
1674,445.5
1675,445.5
1676,445.5
1677,445.5
1678,445.5
1679,445.5
1680,445.5
1681,445.5
1682,445.5
1683,445.5
1684,445.5
1685,445.5
1686,445.5
1687,445.5
1688,445.5
1689,445.5
1690,445.5
1691,445.5
1692,445.5
1693,445.5
1694,445.5
1695,445.5
1696,445.5
1697,445.5
1698,445.5
1699,445.5
1700,445.5
1701,445.5
1702,445.5
1703,445.5
1704,445.5
1705,445.5
1706,445.5
1707,445.5
1708,445.5
1709,445.5
1710,445.5
1711,445.5
1712,445.5
1713,445.5
1714,445.5
1715,445.5
1716,445.5
1717,445.5
1718,445.5
1719,445.5
1720,445.5
1721,445.5
1722,445.5
1723,445.5
1724,445.5
1725,445.5
1726,445.5
1727,445.5
1728,445.5
1729,445.5
1730,445.5
1731,445.5
1732,445.5
1733,445.5
1734,445.5
1735,445.5
2019,445.5
2020,445.5
2021,445.5
2022,445.5
2023,445.5
2024,445.5
2025,445.5
2026,445.5
2027,445.5
2028,445.5
2029,445.5
2030,445.5
2031,445.5
2032,445.5
2033,445.5
2034,445.5
2035,445.5
2036,445.5
2037,445.5
2038,445.5
2039,445.5
2040,445.5
2041,445.5
2042,445.5
2043,445.5
2044,445.5
2045,445.5
2046,445.5
2047,445.5
2048,445.5
2049,445.5
2050,445.5
2051,445.5
2052,445.5
2053,445.5
2054,445.5
2055,445.5
2056,445.5
2057,445.5
2058,445.5
2059,445.5
2060,445.5
2061,445.5
2062,445.5
2063,445.5
2064,445.5
2065,445.5
2066,445.5
2067,445.5
2068,445.5
2069,445.5
2070,445.5
2071,445.5
2072,445.5
2073,445.5
2074,445.5
2075,445.5
2076,445.5
2077,445.5
2078,445.5
2079,445.5
2080,445.5
2081,445.5
2082,445.5
2083,445.5
2084,445.5
2085,445.5
2086,445.5
2087,445.5
2088,445.5
2089,445.5
2090,445.5
2091,445.5
2092,445.5
2093,445.5
2094,445.5
2095,445.5
2096,445.5
2097,445.5
2098,445.5
2099,445.5
2100,445.5
2101,445.5
2102,445.5
2103,445.5
2104,445.5
2105,445.5
2106,445.5
2107,445.5
2108,445.5
2109,445.5
2110,445.5
2111,445.5
2112,445.5
2113,445.5
2114,445.5
2378,445.5
2379,445.5
2380,445.5
2381,445.5
2382,445.5
2383,445.5
2384,445.5
2385,445.5
2386,445.5
2387,445.5
2388,445.5
2389,445.5
2390,445.5
2391,445.5
2392,445.5
2393,445.5
2394,445.5
2395,445.5
2396,445.5
2397,445.5
2398,445.5
2399,445.5
2400,445.5
2401,445.5
2402,445.5
2403,445.5
2404,445.5
2405,445.5
2406,445.5
2407,445.5
2408,445.5
2409,445.5
2410,445.5
2411,445.5
2412,445.5
2413,445.5
2414,445.5
2415,445.5
2416,445.5
2417,445.5
2418,445.5
2419,445.5
2420,445.5
2421,445.5
2422,445.5
2423,445.5
2424,445.5
2425,445.5
2426,445.5
2427,445.5
2428,445.5
2429,445.5
2430,445.5
2431,445.5
2432,445.5
2433,445.5
2434,445.5
2435,445.5
2436,445.5
2437,445.5
2438,445.5
2439,445.5
2440,445.5
2441,445.5
2442,445.5
2443,445.5
2444,445.5
2445,445.5
2446,445.5
2447,445.5
2448,445.5
2449,445.5
2450,445.5
2451,445.5
2452,445.5
2453,445.5
2454,445.5
2455,445.5
2456,445.5
2457,445.5
2458,445.5
2459,445.5
2460,445.5
2461,445.5
2462,445.5
2463,445.5
2464,445.5
2465,445.5
2466,445.5
2467,445.5
2468,445.5
2469,445.5
2470,445.5
2471,445.5
2472,445.5
2473,445.5
2762,445.5
2763,445.5
2764,445.5
2765,445.5
2766,445.5
2767,445.5
2768,445.5
2769,445.5
2770,445.5
2771,445.5
2772,445.5
2773,445.5
2774,445.5
2775,445.5
2776,445.5
2777,445.5
2778,445.5
2779,445.5
2780,445.5
2781,445.5
2782,445.5
2783,445.5
2784,445.5
2785,445.5
2786,445.5
2787,445.5
2788,445.5
2789,445.5
2790,445.5
2791,445.5
2792,445.5
2793,445.5
2794,445.5
2795,445.5
2796,445.5
2797,445.5
2798,445.5
2799,445.5
2800,445.5
2801,445.5
2802,445.5
2803,445.5
2804,445.5
2805,445.5
2806,445.5
2807,445.5
2808,445.5
2809,445.5
2810,445.5
2811,445.5
2812,445.5
2813,445.5
2814,445.5
2815,445.5
2816,445.5
2817,445.5
2818,445.5
2819,445.5
2820,445.5
2821,445.5
2822,445.5
2823,445.5
2824,445.5
2825,445.5
2826,445.5
2827,445.5
2828,445.5
2829,445.5
2830,445.5
2831,445.5
2832,445.5
2833,445.5
3098,445.5
3099,445.5
3100,445.5
3101,445.5
3102,445.5
3103,445.5
3104,445.5
3105,445.5
3106,445.5
3107,445.5
3108,445.5
3109,445.5
3110,445.5
3111,445.5
3112,445.5
3113,445.5
3114,445.5
3115,445.5
3116,445.5
3117,445.5
3118,445.5
3119,445.5
3120,445.5
3121,445.5
3122,445.5
3123,445.5
3124,445.5
3125,445.5
3126,445.5
3127,445.5
3128,445.5
3129,445.5
3130,445.5
3131,445.5
3132,445.5
3133,445.5
3134,445.5
3135,445.5
3136,445.5
3137,445.5
3138,445.5
3139,445.5
3140,445.5
3141,445.5
3142,445.5
3143,445.5
3144,445.5
3145,445.5
3146,445.5
3147,445.5
3148,445.5
3149,445.5
3150,445.5
3151,445.5
3152,445.5
3153,445.5
3154,445.5
3155,445.5
3156,445.5
3157,445.5
3158,445.5
3159,445.5
3160,445.5
3161,445.5
3162,445.5
3163,445.5
3164,445.5
3165,445.5
3166,445.5
3167,445.5
3168,445.5
3169,445.5
3170,445.5
3171,445.5
3172,445.5
3173,445.5
3174,445.5
3175,445.5
3176,445.5
3177,445.5
3178,445.5
3179,445.5
3180,445.5
3181,445.5
3182,445.5
3183,445.5
3184,445.5
3185,445.5
3186,445.5
3187,445.5
3188,445.5
3189,445.5
3190,445.5
3191,445.5
3192,445.5
3193,445.5
3482,445.5
3483,445.5
3484,445.5
3485,445.5
3486,445.5
3487,445.5
3488,445.5
3489,445.5
3490,445.5
3491,445.5
3492,445.5
3493,445.5
3494,445.5
3495,445.5
3496,445.5
3497,445.5
3498,445.5
3499,445.5
3500,445.5
3501,445.5
3502,445.5
3503,445.5
3504,445.5
3505,445.5
3506,445.5
3507,445.5
3508,445.5
3509,445.5
3510,445.5
3511,445.5
3512,445.5
3513,445.5
3514,445.5
3515,445.5
3516,445.5
3517,445.5
3518,445.5
3519,445.5
3520,445.5
3521,445.5
3522,445.5
3523,445.5
3524,445.5
3525,445.5
3526,445.5
3527,445.5
3528,445.5
3529,445.5
3530,445.5
3531,445.5
3532,445.5
3533,445.5
3534,445.5
3535,445.5
3536,445.5
3537,445.5
3538,445.5
3539,445.5
3540,445.5
3541,445.5
3542,445.5
3543,445.5
3544,445.5
3545,445.5
3546,445.5
3547,445.5
3548,445.5
3549,445.5
3550,445.5
3551,445.5
3552,445.5
3553,445.5
3554,445.5
3555,445.5
3556,445.5
3557,445.5
3558,445.5
3559,445.5
3560,445.5
3561,445.5
3562,445.5
3563,445.5
3564,445.5
3565,445.5
3566,445.5
3567,445.5
3568,445.5
3569,445.5
3570,445.5
3571,445.5
3572,445.5
3573,445.5
3574,445.5
3575,445.5
3576,445.5
3577,445.5
3842,445.5
3843,445.5
3844,445.5
3845,445.5
3846,445.5
3847,445.5
3848,445.5
3849,445.5
3850,445.5
3851,445.5
3852,445.5
3853,445.5
3854,445.5
3855,445.5
3856,445.5
3857,445.5
3858,445.5
3859,445.5
3860,445.5
3861,445.5
3862,445.5
3863,445.5
3864,445.5
3865,445.5
3866,445.5
3867,445.5
3868,445.5
3869,445.5
3870,445.5
3871,445.5
3872,445.5
3873,445.5
3874,445.5
3875,445.5
3876,445.5
3877,445.5
3878,445.5
3879,445.5
3880,445.5
3881,445.5
3882,445.5
3883,445.5
3884,445.5
3885,445.5
3886,445.5
3887,445.5
3888,445.5
3889,445.5
3890,445.5
3891,445.5
3892,445.5
3893,445.5
3894,445.5
3895,445.5
3896,445.5
3897,445.5
3898,445.5
3899,445.5
3900,445.5
3901,445.5
3902,445.5
3903,445.5
3904,445.5
3905,445.5
3906,445.5
3907,445.5
3908,445.5
3909,445.5
3910,445.5
3911,445.5
3912,445.5
3913,445.5
3914,445.5
3915,445.5
3916,445.5
3917,445.5
3918,445.5
3919,445.5
3920,445.5
3921,445.5
3922,445.5
3923,445.5
3924,445.5
3925,445.5
3926,445.5
3927,445.5
3928,445.5
3929,445.5
3930,445.5
3931,445.5
3932,445.5
3933,445.5
3934,445.5
3935,445.5
3936,445.5
3937,445.5
4226,445.5
4227,445.5
4228,445.5
4229,445.5
4230,445.5
4231,445.5
4232,445.5
4233,445.5
4234,445.5
4235,445.5
4236,445.5
4237,445.5
4238,445.5
4239,445.5
4240,445.5
4241,445.5
4242,445.5
4243,445.5
4244,445.5
4245,445.5
4246,445.5
4247,445.5
4248,445.5
4249,445.5
4250,445.5
4251,445.5
4252,445.5
4253,445.5
4254,445.5
4255,445.5
4256,445.5
4257,445.5
4258,445.5
4259,445.5
4260,445.5
4261,445.5
4262,445.5
4263,445.5
4264,445.5
4265,445.5
4266,445.5
4267,445.5
4268,445.5
4269,445.5
4270,445.5
4271,445.5
4272,445.5
4273,445.5
4274,445.5
4275,445.5
4276,445.5
4277,445.5
4278,445.5
4279,445.5
4280,445.5
4281,445.5
4282,445.5
4283,445.5
4284,445.5
4285,445.5
4286,445.5
4287,445.5
4288,445.5
4289,445.5
4290,445.5
4291,445.5
4292,445.5
4293,445.5
4294,445.5
4295,445.5
4296,445.5
4297,445.5
4562,445.5
4563,445.5
4564,445.5
4565,445.5
4566,445.5
4567,445.5
4568,445.5
4569,445.5
4570,445.5
4571,445.5
4572,445.5
4573,445.5
4574,445.5
4575,445.5
4576,445.5
4577,445.5
4578,445.5
4579,445.5
4580,445.5
4581,445.5
4582,445.5
4583,445.5
4584,445.5
4585,445.5
4586,445.5
4587,445.5
4588,445.5
4589,445.5
4590,445.5
4591,445.5
4592,445.5
4593,445.5
4594,445.5
4595,445.5
4596,445.5
4597,445.5
4598,445.5
4599,445.5
4600,445.5
4601,445.5
4602,445.5
4603,445.5
4604,445.5
4605,445.5
4606,445.5
4607,445.5
4608,445.5
4609,445.5
4610,445.5
4611,445.5
4612,445.5
4613,445.5
4614,445.5
4615,445.5
4616,445.5
4617,445.5
4618,445.5
4619,445.5
4620,445.5
4621,445.5
4622,445.5
4623,445.5
4624,445.5
4625,445.5
4626,445.5
4627,445.5
4628,445.5
4629,445.5
4630,445.5
4631,445.5
4632,445.5
4633,445.5
4634,445.5
4635,445.5
4636,445.5
4637,445.5
4638,445.5
4639,445.5
4640,445.5
4641,445.5
4642,445.5
4643,445.5
4644,445.5
4645,445.5
4646,445.5
4647,445.5
4648,445.5
4649,445.5
4650,445.5
4651,445.5
4652,445.5
4653,445.5
4654,445.5
4655,445.5
4656,445.5
4657,445.5
4946,445.5
4947,445.5
4948,445.5
4949,445.5
4950,445.5
4951,445.5
4952,445.5
4953,445.5
4954,445.5
4955,445.5
4956,445.5
4957,445.5
4958,445.5
4959,445.5
4960,445.5
4961,445.5
4962,445.5
4963,445.5
4964,445.5
4965,445.5
4966,445.5
4967,445.5
4968,445.5
4969,445.5
4970,445.5
4971,445.5
4972,445.5
4973,445.5
4974,445.5
4975,445.5
4976,445.5
4977,445.5
4978,445.5
4979,445.5
4980,445.5
4981,445.5
4982,445.5
4983,445.5
4984,445.5
4985,445.5
4986,445.5
4987,445.5
4988,445.5
4989,445.5
4990,445.5
4991,445.5
4992,445.5
4993,445.5
4994,445.5
4995,445.5
4996,445.5
4997,445.5
4998,445.5
4999,445.5
5000,445.5
5001,445.5
5002,445.5
5003,445.5
5004,445.5
5005,445.5
5006,445.5
5007,445.5
5008,445.5
5009,445.5
5010,445.5
5011,445.5
5012,445.5
5013,445.5
5014,445.5
5015,445.5
5016,445.5
5017,445.5
5018,445.5
5019,445.5
5020,445.5
5021,445.5
5022,445.5
5023,445.5
5024,445.5
5025,445.5
5026,445.5
5027,445.5
5028,445.5
5029,445.5
5030,445.5
5031,445.5
5032,445.5
5033,445.5
5034,445.5
5035,445.5
5036,445.5
5037,445.5
5038,445.5
5039,445.5
5040,445.5
5041,445.5
5306,445.5
5307,445.5
5308,445.5
5309,445.5
5310,445.5
5311,445.5
5312,445.5
5313,445.5
5314,445.5
5315,445.5
5316,445.5
5317,445.5
5318,445.5
5319,445.5
5320,445.5
5321,445.5
5322,445.5
5323,445.5
5324,445.5
5325,445.5
5326,445.5
5327,445.5
5328,445.5
5329,445.5
5330,445.5
5331,445.5
5332,445.5
5333,445.5
5334,445.5
5335,445.5
5336,445.5
5337,445.5
5338,445.5
5339,445.5
5340,445.5
5341,445.5
5342,445.5
5343,445.5
5344,445.5
5345,445.5
5346,445.5
5347,445.5
5348,445.5
5349,445.5
5350,445.5
5351,445.5
5352,445.5
5353,445.5
5354,445.5
5355,445.5
5356,445.5
5357,445.5
5358,445.5
5359,445.5
5360,445.5
5361,445.5
5362,445.5
5363,445.5
5364,445.5
5365,445.5
5366,445.5
5367,445.5
5368,445.5
5369,445.5
5370,445.5
5371,445.5
5372,445.5
5373,445.5
5374,445.5
5375,445.5
5376,445.5
5377,445.5
5378,445.5
5379,445.5
5380,445.5
5381,445.5
5382,445.5
5383,445.5
5384,445.5
5385,445.5
5386,445.5
5387,445.5
5388,445.5
5389,445.5
5390,445.5
5391,445.5
5392,445.5
5393,445.5
5394,445.5
5395,445.5
5396,445.5
5397,445.5
5398,445.5
5399,445.5
5400,445.5
5401,445.5
5677,445.5
5678,445.5
5679,445.5
5680,445.5
5681,445.5
5682,445.5
5683,445.5
5684,445.5
5685,445.5
5686,445.5
5687,445.5
5688,445.5
5689,445.5
5690,445.5
5691,445.5
5692,445.5
5693,445.5
5694,445.5
5695,445.5
5696,445.5
5697,445.5
5698,445.5
5699,445.5
5700,445.5
5701,445.5
5702,445.5
5703,445.5
5704,445.5
5705,445.5
5706,445.5
5707,445.5
5708,445.5
5709,445.5
5710,445.5
5711,445.5
5712,445.5
5713,445.5
5714,445.5
5715,445.5
5716,445.5
5717,445.5
5718,445.5
5719,445.5
5720,445.5
5721,445.5
5722,445.5
5723,445.5
5724,445.5
5725,445.5
5726,445.5
5727,445.5
5728,445.5
5729,445.5
5730,445.5
5731,445.5
5732,445.5
5733,445.5
5734,445.5
5735,445.5
5736,445.5
5737,445.5
5738,445.5
5739,445.5
5740,445.5
5741,445.5
5742,445.5
5743,445.5
5744,445.5
5745,445.5
5746,445.5
5747,445.5
5748,445.5
5749,445.5
5750,445.5
5751,445.5
5752,445.5
5753,445.5
5754,445.5
5755,445.5
5756,445.5
5757,445.5
5758,445.5
5759,445.5
5760,445.5
5761,445.5
5762,445.5
5763,445.5
5764,445.5
5765,445.5
5766,445.5
5767,445.5
5768,445.5
5769,445.5
5770,445.5
5771,445.5
5772,445.5
6034,445.5
6035,445.5
6036,445.5
6037,445.5
6038,445.5
6039,445.5
6040,445.5
6041,445.5
6042,445.5
6043,445.5
6044,445.5
6045,445.5
6046,445.5
6047,445.5
6048,445.5
6049,445.5
6050,445.5
6051,445.5
6052,445.5
6053,445.5
6054,445.5
6055,445.5
6056,445.5
6057,445.5
6058,445.5
6059,445.5
6060,445.5
6061,445.5
6062,445.5
6063,445.5
6064,445.5
6065,445.5
6066,445.5
6067,445.5
6068,445.5
6069,445.5
6070,445.5
6071,445.5
6072,445.5
6073,445.5
6074,445.5
6075,445.5
6076,445.5
6077,445.5
6078,445.5
6079,445.5
6080,445.5
6081,445.5
6082,445.5
6083,445.5
6084,445.5
6085,445.5
6086,445.5
6087,445.5
6088,445.5
6089,445.5
6090,445.5
6091,445.5
6092,445.5
6093,445.5
6094,445.5
6095,445.5
6096,445.5
6097,445.5
6098,445.5
6099,445.5
6100,445.5
6101,445.5
6102,445.5
6103,445.5
6104,445.5
6105,445.5
6106,445.5
6107,445.5
6108,445.5
6109,445.5
6110,445.5
6111,445.5
6112,445.5
6113,445.5
6114,445.5
6115,445.5
6116,445.5
6117,445.5
6118,445.5
6119,445.5
6120,445.5
6121,445.5
6122,445.5
6123,445.5
6124,445.5
6125,445.5
6126,445.5
6127,445.5
6128,445.5
6129,445.5
6418,445.5
6419,445.5
6420,445.5
6421,445.5
6422,445.5
6423,445.5
6424,445.5
6425,445.5
6426,445.5
6427,445.5
6428,445.5
6429,445.5
6430,445.5
6431,445.5
6432,445.5
6433,445.5
6434,445.5
6435,445.5
6436,445.5
6437,445.5
6438,445.5
6439,445.5
6440,445.5
6441,445.5
6442,445.5
6443,445.5
6444,445.5
6445,445.5
6446,445.5
6447,445.5
6448,445.5
6449,445.5
6450,445.5
6451,445.5
6452,445.5
6453,445.5
6454,445.5
6455,445.5
6456,445.5
6457,445.5
6458,445.5
6459,445.5
6460,445.5
6461,445.5
6462,445.5
6463,445.5
6464,445.5
6465,445.5
6466,445.5
6467,445.5
6468,445.5
6469,445.5
6470,445.5
6471,445.5
6472,445.5
6473,445.5
6474,445.5
6475,445.5
6476,445.5
6477,445.5
6478,445.5
6479,445.5
6480,445.5
6481,445.5
6482,445.5
6483,445.5
6484,445.5
6485,445.5
6486,445.5
6487,445.5
6488,445.5
6489,445.5
6754,445.5
6755,445.5
6756,445.5
6757,445.5
6758,445.5
6759,445.5
6760,445.5
6761,445.5
6762,445.5
6763,445.5
6764,445.5
6765,445.5
6766,445.5
6767,445.5
6768,445.5
6769,445.5
6770,445.5
6771,445.5
6772,445.5
6773,445.5
6774,445.5
6775,445.5
6776,445.5
6777,445.5
6778,445.5
6779,445.5
6780,445.5
6781,445.5
6782,445.5
6783,445.5
6784,445.5
6785,445.5
6786,445.5
6787,445.5
6788,445.5
6789,445.5
6790,445.5
6791,445.5
6792,445.5
6793,445.5
6794,445.5
6795,445.5
6796,445.5
6797,445.5
6798,445.5
6799,445.5
6800,445.5
6801,445.5
6802,445.5
6803,445.5
6804,445.5
6805,445.5
6806,445.5
6807,445.5
6808,445.5
6809,445.5
6810,445.5
6811,445.5
6812,445.5
6813,445.5
6814,445.5
6815,445.5
6816,445.5
6817,445.5
6818,445.5
6819,445.5
6820,445.5
6821,445.5
6822,445.5
6823,445.5
6824,445.5
6825,445.5
6826,445.5
6827,445.5
6828,445.5
6829,445.5
6830,445.5
6831,445.5
6832,445.5
6833,445.5
6834,445.5
6835,445.5
6836,445.5
6837,445.5
6838,445.5
6839,445.5
6840,445.5
6841,445.5
6842,445.5
6843,445.5
6844,445.5
6845,445.5
6846,445.5
6847,445.5
6848,445.5
6849,445.5
7137,445.5
7138,445.5
7139,445.5
7140,445.5
7141,445.5
7142,445.5
7143,445.5
7144,445.5
7145,445.5
7146,445.5
7147,445.5
7148,445.5
7149,445.5
7150,445.5
7151,445.5
7152,445.5
7153,445.5
7154,445.5
7155,445.5
7156,445.5
7157,445.5
7158,445.5
7159,445.5
7160,445.5
7161,445.5
7162,445.5
7163,445.5
7164,445.5
7165,445.5
7166,445.5
7167,445.5
7168,445.5
7169,445.5
7170,445.5
7171,445.5
7172,445.5
7173,445.5
7174,445.5
7175,445.5
7176,445.5
7177,445.5
7178,445.5
7179,445.5
7180,445.5
7181,445.5
7182,445.5
7183,445.5
7184,445.5
7185,445.5
7186,445.5
7187,445.5
7188,445.5
7189,445.5
7190,445.5
7191,445.5
7192,445.5
7193,445.5
7194,445.5
7195,445.5
7196,445.5
7197,445.5
7198,445.5
7199,445.5
7200,445.5
7201,445.5
7202,445.5
7203,445.5
7204,445.5
7205,445.5
7206,445.5
7207,445.5
7208,445.5
7209,445.5
7210,445.5
7211,445.5
7212,445.5
7213,445.5
7214,445.5
7215,445.5
7216,445.5
7217,445.5
7218,445.5
7219,445.5
7220,445.5
7221,445.5
7222,445.5
7223,445.5
7224,445.5
7225,445.5
7226,445.5
7227,445.5
7228,445.5
7229,445.5
7230,445.5
7231,445.5
7232,445.5
7497,445.5
7498,445.5
7499,445.5
7500,445.5
7501,445.5
7502,445.5
7503,445.5
7504,445.5
7505,445.5
7506,445.5
7507,445.5
7508,445.5
7509,445.5
7510,445.5
7511,445.5
7512,445.5
7513,445.5
7514,445.5
7515,445.5
7516,445.5
7517,445.5
7518,445.5
7519,445.5
7520,445.5
7521,445.5
7522,445.5
7523,445.5
7524,445.5
7525,445.5
7526,445.5
7527,445.5
7528,445.5
7529,445.5
7530,445.5
7531,445.5
7532,445.5
7533,445.5
7534,445.5
7535,445.5
7536,445.5
7537,445.5
7538,445.5
7539,445.5
7540,445.5
7541,445.5
7542,445.5
7543,445.5
7544,445.5
7545,445.5
7546,445.5
7547,445.5
7548,445.5
7549,445.5
7550,445.5
7551,445.5
7552,445.5
7553,445.5
7554,445.5
7555,445.5
7556,445.5
7557,445.5
7558,445.5
7559,445.5
7560,445.5
7561,445.5
7562,445.5
7563,445.5
7564,445.5
7565,445.5
7566,445.5
7567,445.5
7568,445.5
7569,445.5
7570,445.5
7571,445.5
7572,445.5
7573,445.5
7574,445.5
7575,445.5
7576,445.5
7577,445.5
7578,445.5
7579,445.5
7580,445.5
7581,445.5
7582,445.5
7583,445.5
7584,445.5
7585,445.5
7586,445.5
7587,445.5
7588,445.5
7589,445.5
7590,445.5
7591,445.5
7592,445.5
7880,445.5
7881,445.5
7882,445.5
7883,445.5
7884,445.5
7885,445.5
7886,445.5
7887,445.5
7888,445.5
7889,445.5
7890,445.5
7891,445.5
7892,445.5
7893,445.5
7894,445.5
7895,445.5
7896,445.5
7897,445.5
7898,445.5
7899,445.5
7900,445.5
7901,445.5
7902,445.5
7903,445.5
7904,445.5
7905,445.5
7906,445.5
7907,445.5
7908,445.5
7909,445.5
7910,445.5
7911,445.5
7912,445.5
7913,445.5
7914,445.5
7915,445.5
7916,445.5
7917,445.5
7918,445.5
7919,445.5
7920,445.5
7921,445.5
7922,445.5
7923,445.5
7924,445.5
7925,445.5
7926,445.5
7927,445.5
7928,445.5
7929,445.5
7930,445.5
7931,445.5
7932,445.5
7933,445.5
7934,445.5
7935,445.5
7936,445.5
7937,445.5
7938,445.5
7939,445.5
7940,445.5
7941,445.5
7942,445.5
7943,445.5
7944,445.5
7945,445.5
7946,445.5
7947,445.5
7948,445.5
7949,445.5
7950,445.5
7951,445.5
8216,445.5
8217,445.5
8218,445.5
8219,445.5
8220,445.5
8221,445.5
8222,445.5
8223,445.5
8224,445.5
8225,445.5
8226,445.5
8227,445.5
8228,445.5
8229,445.5
8230,445.5
8231,445.5
8232,445.5
8233,445.5
8234,445.5
8235,445.5
8236,445.5
8237,445.5
8238,445.5
8239,445.5
8240,445.5
8241,445.5
8242,445.5
8243,445.5
8244,445.5
8245,445.5
8246,445.5
8247,445.5
8248,445.5
8249,445.5
8250,445.5
8251,445.5
8252,445.5
8253,445.5
8254,445.5
8255,445.5
8256,445.5
8257,445.5
8258,445.5
8259,445.5
8260,445.5
8261,445.5
8262,445.5
8263,445.5
8264,445.5
8265,445.5
8266,445.5
8267,445.5
8268,445.5
8269,445.5
8270,445.5
8271,445.5
8272,445.5
8273,445.5
8274,445.5
8275,445.5
8276,445.5
8277,445.5
8278,445.5
8279,445.5
8280,445.5
8281,445.5
8282,445.5
8283,445.5
8284,445.5
8285,445.5
8286,445.5
8287,445.5
8288,445.5
8289,445.5
8290,445.5
8291,445.5
8292,445.5
8293,445.5
8294,445.5
8295,445.5
8296,445.5
8297,445.5
8298,445.5
8299,445.5
8300,445.5
8301,445.5
8302,445.5
8303,445.5
8304,445.5
8305,445.5
8306,445.5
8307,445.5
8308,445.5
8309,445.5
8310,445.5
8311,445.5
8597,445.5
8598,445.5
8599,445.5
8600,445.5
8601,445.5
8602,445.5
8603,445.5
8604,445.5
8605,445.5
8606,445.5
8607,445.5
8608,445.5
8609,445.5
8610,445.5
8611,445.5
8612,445.5
8613,445.5
8614,445.5
8615,445.5
8616,445.5
8617,445.5
8618,445.5
8619,445.5
8620,445.5
8621,445.5
8622,445.5
8623,445.5
8624,445.5
8625,445.5
8626,445.5
8627,445.5
8628,445.5
8629,445.5
8630,445.5
8631,445.5
8632,445.5
8633,445.5
8634,445.5
8635,445.5
8636,445.5
8637,445.5
8638,445.5
8639,445.5
8640,445.5
8641,445.5
8642,445.5
8643,445.5
8644,445.5
8645,445.5
8646,445.5
8647,445.5
8648,445.5
8649,445.5
8650,445.5
8651,445.5
8652,445.5
8653,445.5
8654,445.5
8655,445.5
8656,445.5
8657,445.5
8658,445.5
8659,445.5
8660,445.5
8661,445.5
8662,445.5
8663,445.5
8664,445.5
8665,445.5
8666,445.5
8667,445.5
8668,445.5
8669,445.5
8670,445.5
8671,445.5
8672,445.5
8673,445.5
8674,445.5
8675,445.5
8676,445.5
8677,445.5
8678,445.5
8679,445.5
8680,445.5
8681,445.5
8682,445.5
8683,445.5
8684,445.5
8685,445.5
8686,445.5
8687,445.5
8688,445.5
8689,445.5
8690,445.5
8691,445.5
8955,445.5
8956,445.5
8957,445.5
8958,445.5
8959,445.5
8960,445.5
8961,445.5
8962,445.5
8963,445.5
8964,445.5
8965,445.5
8966,445.5
8967,445.5
8968,445.5
8969,445.5
8970,445.5
8971,445.5
8972,445.5
8973,445.5
8974,445.5
8975,445.5
8976,445.5
8977,445.5
8978,445.5
8979,445.5
8980,445.5
8981,445.5
8982,445.5
8983,445.5
8984,445.5
8985,445.5
8986,445.5
8987,445.5
8988,445.5
8989,445.5
8990,445.5
8991,445.5
8992,445.5
8993,445.5
8994,445.5
8995,445.5
8996,445.5
8997,445.5
8998,445.5
8999,445.5
9000,445.5
9001,445.5
9002,445.5
9003,445.5
9004,445.5
9005,445.5
9006,445.5
9007,445.5
9008,445.5
9009,445.5
9010,445.5
9011,445.5
9012,445.5
9013,445.5
9014,445.5
9015,445.5
9016,445.5
9017,445.5
9018,445.5
9019,445.5
9020,445.5
9021,445.5
9022,445.5
9023,445.5
9024,445.5
9025,445.5
9026,445.5
9027,445.5
9028,445.5
9029,445.5
9030,445.5
9031,445.5
9032,445.5
9033,445.5
9034,445.5
9035,445.5
9036,445.5
9037,445.5
9038,445.5
9039,445.5
9040,445.5
9041,445.5
9042,445.5
9043,445.5
9044,445.5
9045,445.5
9046,445.5
9047,445.5
9048,445.5
9049,445.5
9338,445.5
9339,445.5
9340,445.5
9341,445.5
9342,445.5
9343,445.5
9344,445.5
9345,445.5
9346,445.5
9347,445.5
9348,445.5
9349,445.5
9350,445.5
9351,445.5
9352,445.5
9353,445.5
9354,445.5
9355,445.5
9356,445.5
9357,445.5
9358,445.5
9359,445.5
9360,445.5
9361,445.5
9362,445.5
9363,445.5
9364,445.5
9365,445.5
9366,445.5
9367,445.5
9368,445.5
9369,445.5
9370,445.5
9371,445.5
9372,445.5
9373,445.5
9374,445.5
9375,445.5
9376,445.5
9377,445.5
9378,445.5
9379,445.5
9380,445.5
9381,445.5
9382,445.5
9383,445.5
9384,445.5
9385,445.5
9386,445.5
9387,445.5
9388,445.5
9389,445.5
9390,445.5
9391,445.5
9392,445.5
9393,445.5
9394,445.5
9395,445.5
9396,445.5
9397,445.5
9398,445.5
9399,445.5
9400,445.5
9401,445.5
9402,445.5
9403,445.5
9404,445.5
9405,445.5
9406,445.5
9407,445.5
9408,445.5
9409,445.5
9410,445.5
9411,445.5
9412,445.5
9413,445.5
9414,445.5
9415,445.5
9416,445.5
9417,445.5
9418,445.5
9419,445.5
9420,445.5
9421,445.5
9422,445.5
9423,445.5
9424,445.5
9425,445.5
9426,445.5
9427,445.5
9428,445.5
9429,445.5
9430,445.5
9431,445.5
9432,445.5
9433,445.5
9697,445.5
9698,445.5
9699,445.5
9700,445.5
9701,445.5
9702,445.5
9703,445.5
9704,445.5
9705,445.5
9706,445.5
9707,445.5
9708,445.5
9709,445.5
9710,445.5
9711,445.5
9712,445.5
9713,445.5
9714,445.5
9715,445.5
9716,445.5
9717,445.5
9718,445.5
9719,445.5
9720,445.5
9721,445.5
9722,445.5
9723,445.5
9724,445.5
9725,445.5
9726,445.5
9727,445.5
9728,445.5
9729,445.5
9730,445.5
9731,445.5
9732,445.5
9733,445.5
9734,445.5
9735,445.5
9736,445.5
9737,445.5
9738,445.5
9739,445.5
9740,445.5
9741,445.5
9742,445.5
9743,445.5
9744,445.5
9745,445.5
9746,445.5
9747,445.5
9748,445.5
9749,445.5
9750,445.5
9751,445.5
9752,445.5
9753,445.5
9754,445.5
9755,445.5
9756,445.5
9757,445.5
9758,445.5
9759,445.5
9760,445.5
9761,445.5
9762,445.5
9763,445.5
9764,445.5
9765,445.5
9766,445.5
9767,445.5
9768,445.5
9769,445.5
9770,445.5
9771,445.5
9772,445.5
9773,445.5
9774,445.5
9775,445.5
9776,445.5
9777,445.5
9778,445.5
9779,445.5
9780,445.5
9781,445.5
9782,445.5
9783,445.5
9784,445.5
9785,445.5
9786,445.5
9787,445.5
9788,445.5
9789,445.5
9790,445.5
9791,445.5
9792,445.5
10078,445.5
10079,445.5
10080,445.5
10081,445.5
10082,445.5
10083,445.5
10084,445.5
10085,445.5
10086,445.5
10087,445.5
10088,445.5
10089,445.5
10090,445.5
10091,445.5
10092,445.5
10093,445.5
10094,445.5
10095,445.5
10096,445.5
10097,445.5
10098,445.5
10099,445.5
10100,445.5
10101,445.5
10102,445.5
10103,445.5
10104,445.5
10105,445.5
10106,445.5
10107,445.5
10108,445.5
10109,445.5
10110,445.5
10111,445.5
10112,445.5
10113,445.5
10114,445.5
10115,445.5
10116,445.5
10117,445.5
10118,445.5
10119,445.5
10120,445.5
10121,445.5
10122,445.5
10123,445.5
10124,445.5
10125,445.5
10389,445.5
10390,445.5
10391,445.5
10392,445.5
10393,445.5
10394,445.5
10395,445.5
10396,445.5
10397,445.5
10398,445.5
10399,445.5
10400,445.5
10401,445.5
10402,445.5
10403,445.5
10404,445.5
10405,445.5
10406,445.5
10407,445.5
10408,445.5
10409,445.5
10410,445.5
10411,445.5
10412,445.5
10413,445.5
10414,445.5
10415,445.5
10416,445.5
10417,445.5
10418,445.5
10419,445.5
10420,445.5
10421,445.5
10422,445.5
10423,445.5
10424,445.5
10425,445.5
10426,445.5
10427,445.5
10428,445.5
10429,445.5
10430,445.5
10431,445.5
10432,445.5
10433,445.5
10434,445.5
10435,445.5
10436,445.5
10437,445.5
10438,445.5
10439,445.5
10440,445.5
10441,445.5
10442,445.5
10443,445.5
10444,445.5
10445,445.5
10446,445.5
10447,445.5
10448,445.5
10449,445.5
10450,445.5
10451,445.5
10452,445.5
10453,445.5
10454,445.5
10455,445.5
10456,445.5
10457,445.5
10458,445.5
10459,445.5
10460,445.5
10461,445.5
10462,445.5
10463,445.5
10464,445.5
10465,445.5
10466,445.5
10467,445.5
10468,445.5
10469,445.5
10470,445.5
10471,445.5
10472,445.5
10473,445.5
10474,445.5
10475,445.5
10476,445.5
10477,445.5
10478,445.5
10479,445.5
10480,445.5
10481,445.5
10482,445.5
10483,445.5
10484,445.5
10773,445.5
10774,445.5
10775,445.5
10776,445.5
10777,445.5
10778,445.5
10779,445.5
10780,445.5
10781,445.5
10782,445.5
10783,445.5
10784,445.5
10785,445.5
10786,445.5
10787,445.5
10788,445.5
10789,445.5
10790,445.5
10791,445.5
10792,445.5
10793,445.5
10794,445.5
10795,445.5
10796,445.5
10797,445.5
10798,445.5
10799,445.5
10800,445.5
10801,445.5
10802,445.5
10803,445.5
10804,445.5
10805,445.5
10806,445.5
10807,445.5
10808,445.5
10809,445.5
10810,445.5
10811,445.5
10812,445.5
10813,445.5
10814,445.5
10815,445.5
10816,445.5
10817,445.5
10818,445.5
10819,445.5
10820,445.5
10821,445.5
10822,445.5
10823,445.5
10824,445.5
10825,445.5
10826,445.5
10827,445.5
10828,445.5
10829,445.5
10830,445.5
10831,445.5
10832,445.5
10833,445.5
10834,445.5
10835,445.5
10836,445.5
10837,445.5
10838,445.5
10839,445.5
10840,445.5
10841,445.5
10842,445.5
10843,445.5
10844,445.5
10845,445.5
10846,445.5
10847,445.5
10848,445.5
10849,445.5
10850,445.5
10851,445.5
10852,445.5
10853,445.5
10854,445.5
10855,445.5
10856,445.5
10857,445.5
10858,445.5
10859,445.5
10860,445.5
10861,445.5
10862,445.5
10863,445.5
10864,445.5
10865,445.5
10866,445.5
10867,445.5
11131,445.5
11132,445.5
11133,445.5
11134,445.5
11135,445.5
11136,445.5
11137,445.5
11138,445.5
11139,445.5
11140,445.5
11141,445.5
11142,445.5
11143,445.5
11144,445.5
11145,445.5
11146,445.5
11147,445.5
11148,445.5
11149,445.5
11150,445.5
11151,445.5
11152,445.5
11153,445.5
11154,445.5
11155,445.5
11156,445.5
11157,445.5
11158,445.5
11159,445.5
11160,445.5
11161,445.5
11162,445.5
11163,445.5
11164,445.5
11165,445.5
11166,445.5
11167,445.5
11168,445.5
11169,445.5
11170,445.5
11171,445.5
11172,445.5
11173,445.5
11174,445.5
11175,445.5
11176,445.5
11177,445.5
11178,445.5
11179,445.5
11180,445.5
11181,445.5
11182,445.5
11183,445.5
11184,445.5
11185,445.5
11186,445.5
11187,445.5
11188,445.5
11189,445.5
11190,445.5
11191,445.5
11192,445.5
11193,445.5
11194,445.5
11195,445.5
11196,445.5
11197,445.5
11198,445.5
11199,445.5
11200,445.5
11201,445.5
11202,445.5
11203,445.5
11204,445.5
11205,445.5
11206,445.5
11207,445.5
11208,445.5
11209,445.5
11210,445.5
11211,445.5
11212,445.5
11213,445.5
11214,445.5
11215,445.5
11216,445.5
11217,445.5
11218,445.5
11219,445.5
11220,445.5
11221,445.5
11222,445.5
11223,445.5
11224,445.5
11225,445.5
11226,445.5
11515,445.5
11516,445.5
11517,445.5
11518,445.5
11519,445.5
11520,445.5
11521,445.5
11522,445.5
11523,445.5
11524,445.5
11525,445.5
11526,445.5
11527,445.5
11528,445.5
11529,445.5
11530,445.5
11531,445.5
11532,445.5
11533,445.5
11534,445.5
11535,445.5
11536,445.5
11537,445.5
11538,445.5
11539,445.5
11540,445.5
11541,445.5
11542,445.5
11543,445.5
11544,445.5
11545,445.5
11546,445.5
11547,445.5
11548,445.5
11549,445.5
11550,445.5
11551,445.5
11552,445.5
11553,445.5
11554,445.5
11555,445.5
11556,445.5
11557,445.5
11558,445.5
11559,445.5
11560,445.5
11561,445.5
11562,445.5
11563,445.5
11564,445.5
11565,445.5
11566,445.5
11567,445.5
11568,445.5
11569,445.5
11570,445.5
11571,445.5
11572,445.5
11573,445.5
11574,445.5
11575,445.5
11576,445.5
11577,445.5
11578,445.5
11579,445.5
11580,445.5
11581,445.5
11582,445.5
11583,445.5
11584,445.5
11585,445.5
11586,445.5
11851,445.5
11852,445.5
11853,445.5
11854,445.5
11855,445.5
11856,445.5
11857,445.5
11858,445.5
11859,445.5
11860,445.5
11861,445.5
11862,445.5
11863,445.5
11864,445.5
11865,445.5
11866,445.5
11867,445.5
11868,445.5
11869,445.5
11870,445.5
11871,445.5
11872,445.5
11873,445.5
11874,445.5
11875,445.5
11876,445.5
11877,445.5
11878,445.5
11879,445.5
11880,445.5
11881,445.5
11882,445.5
11883,445.5
11884,445.5
11885,445.5
11886,445.5
11887,445.5
11888,445.5
11889,445.5
11890,445.5
11891,445.5
11892,445.5
11893,445.5
11894,445.5
11895,445.5
11896,445.5
11897,445.5
11898,445.5
11899,445.5
11900,445.5
11901,445.5
11902,445.5
11903,445.5
11904,445.5
11905,445.5
11906,445.5
11907,445.5
11908,445.5
11909,445.5
11910,445.5
11911,445.5
11912,445.5
11913,445.5
11914,445.5
11915,445.5
11916,445.5
11917,445.5
11918,445.5
11919,445.5
11920,445.5
11921,445.5
11922,445.5
11923,445.5
11924,445.5
11925,445.5
11926,445.5
11927,445.5
11928,445.5
11929,445.5
11930,445.5
11931,445.5
11932,445.5
11933,445.5
11934,445.5
11935,445.5
11936,445.5
11937,445.5
11938,445.5
11939,445.5
11940,445.5
11941,445.5
11942,445.5
11943,445.5
11944,445.5
11945,445.5
11946,445.5
12235,445.5
12236,445.5
12237,445.5
12238,445.5
12239,445.5
12240,445.5
12241,445.5
12242,445.5
12243,445.5
12244,445.5
12245,445.5
12246,445.5
12247,445.5
12248,445.5
12249,445.5
12250,445.5
12251,445.5
12252,445.5
12253,445.5
12254,445.5
12255,445.5
12256,445.5
12257,445.5
12258,445.5
12259,445.5
12260,445.5
12261,445.5
12262,445.5
12263,445.5
12264,445.5
12265,445.5
12266,445.5
12267,445.5
12268,445.5
12269,445.5
12270,445.5
12271,445.5
12272,445.5
12273,445.5
12274,445.5
12275,445.5
12276,445.5
12277,445.5
12278,445.5
12279,445.5
12280,445.5
12281,445.5
12282,445.5
12283,445.5
12284,445.5
12285,445.5
12286,445.5
12287,445.5
12288,445.5
12289,445.5
12290,445.5
12291,445.5
12292,445.5
12293,445.5
12294,445.5
12295,445.5
12296,445.5
12297,445.5
12298,445.5
12299,445.5
12300,445.5
12301,445.5
12302,445.5
12303,445.5
12304,445.5
12305,445.5
12306,445.5
12307,445.5
12308,445.5
12309,445.5
12310,445.5
12311,445.5
12312,445.5
12313,445.5
12314,445.5
12315,445.5
12316,445.5
12317,445.5
12318,445.5
12319,445.5
12320,445.5
12321,445.5
12322,445.5
12323,445.5
12324,445.5
12325,445.5
12326,445.5
12327,445.5
12328,445.5
12329,445.5
12330,445.5
12595,445.5
12596,445.5
12597,445.5
12598,445.5
12599,445.5
12600,445.5
12601,445.5
12602,445.5
12603,445.5
12604,445.5
12605,445.5
12606,445.5
12607,445.5
12608,445.5
12609,445.5
12610,445.5
12611,445.5
12612,445.5
12613,445.5
12614,445.5
12615,445.5
12616,445.5
12617,445.5
12618,445.5
12619,445.5
12620,445.5
12621,445.5
12622,445.5
12623,445.5
12624,445.5
12625,445.5
12626,445.5
12627,445.5
12628,445.5
12629,445.5
12630,445.5
12631,445.5
12632,445.5
12633,445.5
12634,445.5
12635,445.5
12636,445.5
12637,445.5
12638,445.5
12639,445.5
12640,445.5
12641,445.5
12642,445.5
12643,445.5
12644,445.5
12645,445.5
12646,445.5
12647,445.5
12648,445.5
12649,445.5
12650,445.5
12651,445.5
12652,445.5
12653,445.5
12654,445.5
12655,445.5
12656,445.5
12657,445.5
12658,445.5
12659,445.5
12660,445.5
12661,445.5
12662,445.5
12663,445.5
12664,445.5
12665,445.5
12666,445.5
12667,445.5
12668,445.5
12669,445.5
12670,445.5
12671,445.5
12672,445.5
12673,445.5
12674,445.5
12675,445.5
12676,445.5
12677,445.5
12678,445.5
12679,445.5
12680,445.5
12681,445.5
12682,445.5
12683,445.5
12684,445.5
12685,445.5
12686,445.5
12687,445.5
12688,445.5
12689,445.5
12690,445.5
12979,445.5
12980,445.5
12981,445.5
12982,445.5
12983,445.5
12984,445.5
12985,445.5
12986,445.5
12987,445.5
12988,445.5
12989,445.5
12990,445.5
12991,445.5
12992,445.5
12993,445.5
12994,445.5
12995,445.5
12996,445.5
12997,445.5
12998,445.5
12999,445.5
13000,445.5
13001,445.5
13002,445.5
13003,445.5
13004,445.5
13005,445.5
13006,445.5
13007,445.5
13008,445.5
13009,445.5
13010,445.5
13011,445.5
13012,445.5
13013,445.5
13014,445.5
13015,445.5
13016,445.5
13017,445.5
13018,445.5
13019,445.5
13020,445.5
13021,445.5
13022,445.5
13023,445.5
13024,445.5
13025,445.5
13026,445.5
13027,445.5
13028,445.5
13029,445.5
13030,445.5
13031,445.5
13032,445.5
13033,445.5
13034,445.5
13035,445.5
13036,445.5
13037,445.5
13038,445.5
13039,445.5
13040,445.5
13041,445.5
13042,445.5
13043,445.5
13044,445.5
13045,445.5
13046,445.5
13047,445.5
13048,445.5
13049,445.5
13050,445.5
13315,445.5
13316,445.5
13317,445.5
13318,445.5
13319,445.5
13320,445.5
13321,445.5
13322,445.5
13323,445.5
13324,445.5
13325,445.5
13326,445.5
13327,445.5
13328,445.5
13329,445.5
13330,445.5
13331,445.5
13332,445.5
13333,445.5
13334,445.5
13335,445.5
13336,445.5
13337,445.5
13338,445.5
13339,445.5
13340,445.5
13341,445.5
13342,445.5
13343,445.5
13344,445.5
13345,445.5
13346,445.5
13347,445.5
13348,445.5
13349,445.5
13350,445.5
13351,445.5
13352,445.5
13353,445.5
13354,445.5
13355,445.5
13356,445.5
13357,445.5
13358,445.5
13359,445.5
13360,445.5
13361,445.5
13362,445.5
13363,445.5
13364,445.5
13365,445.5
13366,445.5
13367,445.5
13368,445.5
13369,445.5
13370,445.5
13371,445.5
13372,445.5
13373,445.5
13374,445.5
13375,445.5
13376,445.5
13377,445.5
13378,445.5
13379,445.5
13380,445.5
13381,445.5
13382,445.5
13383,445.5
13384,445.5
13385,445.5
13386,445.5
13387,445.5
13388,445.5
13389,445.5
13390,445.5
13391,445.5
13392,445.5
13393,445.5
13394,445.5
13395,445.5
13396,445.5
13397,445.5
13398,445.5
13399,445.5
13400,445.5
13401,445.5
13402,445.5
13403,445.5
13404,445.5
13405,445.5
13406,445.5
13407,445.5
13408,445.5
13409,445.5
13410,445.5
13699,445.5
13700,445.5
13701,445.5
13702,445.5
13703,445.5
13704,445.5
13705,445.5
13706,445.5
13707,445.5
13708,445.5
13709,445.5
13710,445.5
13711,445.5
13712,445.5
13713,445.5
13714,445.5
13715,445.5
13716,445.5
13717,445.5
13718,445.5
13719,445.5
13720,445.5
13721,445.5
13722,445.5
13723,445.5
13724,445.5
13725,445.5
13726,445.5
13727,445.5
13728,445.5
13729,445.5
13730,445.5
13731,445.5
13732,445.5
13733,445.5
13734,445.5
13735,445.5
13736,445.5
13737,445.5
13738,445.5
13739,445.5
13740,445.5
13741,445.5
13742,445.5
13743,445.5
13744,445.5
13745,445.5
13746,445.5
13747,445.5
13748,445.5
13749,445.5
13750,445.5
13751,445.5
13752,445.5
13753,445.5
13754,445.5
13755,445.5
13756,445.5
13757,445.5
13758,445.5
13759,445.5
13760,445.5
13761,445.5
13762,445.5
13763,445.5
13764,445.5
13765,445.5
13766,445.5
13767,445.5
13768,445.5
13769,445.5
13770,445.5
13771,445.5
13772,445.5
13773,445.5
13774,445.5
13775,445.5
13776,445.5
13777,445.5
13778,445.5
13779,445.5
13780,445.5
13781,445.5
13782,445.5
13783,445.5
13784,445.5
13785,445.5
13786,445.5
13787,445.5
13788,445.5
13789,445.5
13790,445.5
13791,445.5
13792,445.5
13793,445.5
13794,445.5
14059,445.5
14060,445.5
14061,445.5
14062,445.5
14063,445.5
14064,445.5
14065,445.5
14066,445.5
14067,445.5
14068,445.5
14069,445.5
14070,445.5
14071,445.5
14072,445.5
14073,445.5
14074,445.5
14075,445.5
14076,445.5
14077,445.5
14078,445.5
14079,445.5
14080,445.5
14081,445.5
14082,445.5
14083,445.5
14084,445.5
14085,445.5
14086,445.5
14087,445.5
14088,445.5
14089,445.5
14090,445.5
14091,445.5
14092,445.5
14093,445.5
14094,445.5
14095,445.5
14096,445.5
14097,445.5
14098,445.5
14099,445.5
14100,445.5
14101,445.5
14102,445.5
14103,445.5
14104,445.5
14105,445.5
14106,445.5
14107,445.5
14108,445.5
14109,445.5
14110,445.5
14111,445.5
14112,445.5
14113,445.5
14114,445.5
14115,445.5
14116,445.5
14117,445.5
14118,445.5
14119,445.5
14120,445.5
14121,445.5
14122,445.5
14123,445.5
14124,445.5
14125,445.5
14126,445.5
14127,445.5
14128,445.5
14129,445.5
14130,445.5
14131,445.5
14132,445.5
14133,445.5
14134,445.5
14135,445.5
14136,445.5
14137,445.5
14138,445.5
14139,445.5
14140,445.5
14141,445.5
14142,445.5
14143,445.5
14144,445.5
14145,445.5
14146,445.5
14147,445.5
14148,445.5
14149,445.5
14150,445.5
14151,445.5
14152,445.5
14153,445.5
14154,445.5
14443,445.5
14444,445.5
14445,445.5
14446,445.5
14447,445.5
14448,445.5
14449,445.5
14450,445.5
14451,445.5
14452,445.5
14453,445.5
14454,445.5
14455,445.5
14456,445.5
14457,445.5
14458,445.5
14459,445.5
14460,445.5
14461,445.5
14462,445.5
14463,445.5
14464,445.5
14465,445.5
14466,445.5
14467,445.5
14468,445.5
14469,445.5
14470,445.5
14471,445.5
14472,445.5
14473,445.5
14474,445.5
14475,445.5
14476,445.5
14477,445.5
14478,445.5
14479,445.5
14480,445.5
14481,445.5
14482,445.5
14483,445.5
14484,445.5
14485,445.5
14486,445.5
14487,445.5
14488,445.5
14489,445.5
14490,445.5
14491,445.5
14492,445.5
14493,445.5
14494,445.5
14495,445.5
14496,445.5
14497,445.5
14498,445.5
14499,445.5
14500,445.5
14501,445.5
14502,445.5
14503,445.5
14504,445.5
14505,445.5
14506,445.5
14507,445.5
14508,445.5
14509,445.5
14510,445.5
14511,445.5
14512,445.5
14513,445.5
14514,445.5
14515,445.5
14516,445.5
14517,445.5
14518,445.5
14519,445.5
14520,445.5
14521,445.5
14522,445.5
14523,445.5
14524,445.5
14525,445.5
14526,445.5
14527,445.5
14528,445.5
14529,445.5
14530,445.5
14531,445.5
14532,445.5
14533,445.5
14534,445.5
14535,445.5
14536,445.5
14537,445.5
14538,445.5
14803,445.5
14804,445.5
14805,445.5
14806,445.5
14807,445.5
14808,445.5
14809,445.5
14810,445.5
14811,445.5
14812,445.5
14813,445.5
14814,445.5
14815,445.5
14816,445.5
14817,445.5
14818,445.5
14819,445.5
14820,445.5
14821,445.5
14822,445.5
14823,445.5
14824,445.5
14825,445.5
14826,445.5
14827,445.5
14828,445.5
14829,445.5
14830,445.5
14831,445.5
14832,445.5
14833,445.5
14834,445.5
14835,445.5
14836,445.5
14837,445.5
14838,445.5
14839,445.5
14840,445.5
14841,445.5
14842,445.5
14843,445.5
14844,445.5
14845,445.5
14846,445.5
14847,445.5
14848,445.5
14849,445.5
14850,445.5
14851,445.5
14852,445.5
14853,445.5
14854,445.5
14855,445.5
14856,445.5
14857,445.5
14858,445.5
14859,445.5
14860,445.5
14861,445.5
14862,445.5
14863,445.5
14864,445.5
14865,445.5
14866,445.5
14867,445.5
14868,445.5
14869,445.5
14870,445.5
14871,445.5
14872,445.5
14873,445.5
14874,445.5
14875,445.5
14876,445.5
14877,445.5
14878,445.5
14879,445.5
14880,445.5
14881,445.5
14882,445.5
14883,445.5
14884,445.5
14885,445.5
14886,445.5
14887,445.5
14888,445.5
14889,445.5
14890,445.5
14891,445.5
14892,445.5
14893,445.5
14894,445.5
14895,445.5
14896,445.5
14897,445.5
14898,445.5
15187,445.5
15188,445.5
15189,445.5
15190,445.5
15191,445.5
15192,445.5
15193,445.5
15194,445.5
15195,445.5
15196,445.5
15197,445.5
15198,445.5
15199,445.5
15200,445.5
15201,445.5
15202,445.5
15203,445.5
15204,445.5
15205,445.5
15206,445.5
15207,445.5
15208,445.5
15209,445.5
15210,445.5
15211,445.5
15212,445.5
15213,445.5
15214,445.5
15215,445.5
15216,445.5
15217,445.5
15218,445.5
15219,445.5
15220,445.5
15221,445.5
15222,445.5
15223,445.5
15224,445.5
15225,445.5
15226,445.5
15227,445.5
15228,445.5
15229,445.5
15230,445.5
15231,445.5
15232,445.5
15233,445.5
15234,445.5
15235,445.5
15236,445.5
15237,445.5
15238,445.5
15239,445.5
15240,445.5
15241,445.5
15242,445.5
15243,445.5
15244,445.5
15245,445.5
15246,445.5
15247,445.5
15248,445.5
15249,445.5
15250,445.5
15251,445.5
15252,445.5
15253,445.5
15254,445.5
15255,445.5
15256,445.5
15257,445.5
15258,445.5
15523,445.5
15524,445.5
15525,445.5
15526,445.5
15527,445.5
15528,445.5
15529,445.5
15530,445.5
15531,445.5
15532,445.5
15533,445.5
15534,445.5
15535,445.5
15536,445.5
15537,445.5
15538,445.5
15539,445.5
15540,445.5
15541,445.5
15542,445.5
15543,445.5
15544,445.5
15545,445.5
15546,445.5
15547,445.5
15548,445.5
15549,445.5
15550,445.5
15551,445.5
15552,445.5
15553,445.5
15554,445.5
15555,445.5
15556,445.5
15557,445.5
15558,445.5
15559,445.5
15560,445.5
15561,445.5
15562,445.5
15563,445.5
15564,445.5
15565,445.5
15566,445.5
15567,445.5
15568,445.5
15569,445.5
15570,445.5
15571,445.5
15572,445.5
15573,445.5
15574,445.5
15575,445.5
15576,445.5
15577,445.5
15578,445.5
15579,445.5
15580,445.5
15581,445.5
15582,445.5
15583,445.5
15584,445.5
15585,445.5
15586,445.5
15587,445.5
15588,445.5
15589,445.5
15590,445.5
15591,445.5
15592,445.5
15593,445.5
15594,445.5
15595,445.5
15596,445.5
15597,445.5
15598,445.5
15599,445.5
15600,445.5
15601,445.5
15602,445.5
15603,445.5
15604,445.5
15605,445.5
15606,445.5
15607,445.5
15608,445.5
15609,445.5
15610,445.5
15611,445.5
15612,445.5
15613,445.5
15614,445.5
15615,445.5
15616,445.5
15617,445.5
15618,445.5
15884,445.5
15885,445.5
15886,445.5
15887,445.5
15888,445.5
15889,445.5
15890,445.5
15891,445.5
15892,445.5
15893,445.5
15894,445.5
15895,445.5
15896,445.5
15897,445.5
15898,445.5
15899,445.5
15900,445.5
15901,445.5
15902,445.5
15903,445.5
15904,445.5
15905,445.5
15906,445.5
15907,445.5
15908,445.5
15909,445.5
15910,445.5
15911,445.5
15912,445.5
15913,445.5
15914,445.5
15915,445.5
15916,445.5
15917,445.5
15918,445.5
15919,445.5
15920,445.5
15921,445.5
15922,445.5
15923,445.5
15924,445.5
15925,445.5
15926,445.5
15927,445.5
15928,445.5
15929,445.5
15930,445.5
15931,445.5
15932,445.5
15933,445.5
15934,445.5
15935,445.5
15936,445.5
15937,445.5
15938,445.5
15939,445.5
15940,445.5
15941,445.5
15942,445.5
15943,445.5
15944,445.5
15945,445.5
15946,445.5
15947,445.5
15948,445.5
15949,445.5
15950,445.5
15951,445.5
15952,445.5
15953,445.5
15954,445.5
15955,445.5
15956,445.5
15957,445.5
15958,445.5
15959,445.5
15960,445.5
15961,445.5
15962,445.5
15963,445.5
15964,445.5
15965,445.5
15966,445.5
16230,445.5
16231,445.5
16232,445.5
16233,445.5
16234,445.5
16235,445.5
16236,445.5
16237,445.5
16238,445.5
16239,445.5
16240,445.5
16241,445.5
16242,445.5
16243,445.5
16244,445.5
16245,445.5
16246,445.5
16247,445.5
16248,445.5
16249,445.5
16250,445.5
16251,445.5
16252,445.5
16253,445.5
16254,445.5
16255,445.5
16256,445.5
16257,445.5
16258,445.5
16259,445.5
16260,445.5
16261,445.5
16262,445.5
16263,445.5
16264,445.5
16265,445.5
16266,445.5
16267,445.5
16268,445.5
16269,445.5
16270,445.5
16271,445.5
16272,445.5
16273,445.5
16274,445.5
16275,445.5
16276,445.5
16277,445.5
16278,445.5
16279,445.5
16280,445.5
16281,445.5
16282,445.5
16283,445.5
16284,445.5
16285,445.5
16286,445.5
16287,445.5
16288,445.5
16289,445.5
16290,445.5
16291,445.5
16292,445.5
16293,445.5
16294,445.5
16295,445.5
16296,445.5
16297,445.5
16298,445.5
16299,445.5
16300,445.5
16301,445.5
16302,445.5
16303,445.5
16304,445.5
16305,445.5
16306,445.5
16307,445.5
16308,445.5
16309,445.5
16310,445.5
16311,445.5
16312,445.5
16313,445.5
16314,445.5
16315,445.5
16316,445.5
16317,445.5
16318,445.5
16319,445.5
16320,445.5
16321,445.5
16322,445.5
16323,445.5
16324,445.5
16325,445.5
16613,445.5
16614,445.5
16615,445.5
16616,445.5
16617,445.5
16618,445.5
16619,445.5
16620,445.5
16621,445.5
16622,445.5
16623,445.5
16624,445.5
16625,445.5
16626,445.5
16627,445.5
16628,445.5
16629,445.5
16630,445.5
16631,445.5
16632,445.5
16633,445.5
16634,445.5
16635,445.5
16636,445.5
16637,445.5
16638,445.5
16639,445.5
16640,445.5
16641,445.5
16642,445.5
16643,445.5
16644,445.5
16645,445.5
16646,445.5
16647,445.5
16648,445.5
16649,445.5
16650,445.5
16651,445.5
16652,445.5
16653,445.5
16654,445.5
16655,445.5
16656,445.5
16657,445.5
16658,445.5
16659,445.5
16660,445.5
16661,445.5
16662,445.5
16663,445.5
16664,445.5
16665,445.5
16666,445.5
16667,445.5
16668,445.5
16669,445.5
16670,445.5
16671,445.5
16672,445.5
16673,445.5
16674,445.5
16675,445.5
16676,445.5
16677,445.5
16678,445.5
16679,445.5
16680,445.5
16681,445.5
16682,445.5
16683,445.5
16684,445.5
16949,445.5
16950,445.5
16951,445.5
16952,445.5
16953,445.5
16954,445.5
16955,445.5
16956,445.5
16957,445.5
16958,445.5
16959,445.5
16960,445.5
16961,445.5
16962,445.5
16963,445.5
16964,445.5
16965,445.5
16966,445.5
16967,445.5
16968,445.5
16969,445.5
16970,445.5
16971,445.5
16972,445.5
16973,445.5
16974,445.5
16975,445.5
16976,445.5
16977,445.5
16978,445.5
16979,445.5
16980,445.5
16981,445.5
16982,445.5
16983,445.5
16984,445.5
16985,445.5
16986,445.5
16987,445.5
16988,445.5
16989,445.5
16990,445.5
16991,445.5
16992,445.5
16993,445.5
16994,445.5
16995,445.5
16996,445.5
16997,445.5
16998,445.5
16999,445.5
17000,445.5
17001,445.5
17002,445.5
17003,445.5
17004,445.5
17005,445.5
17006,445.5
17007,445.5
17008,445.5
17009,445.5
17010,445.5
17011,445.5
17012,445.5
17013,445.5
17014,445.5
17015,445.5
17016,445.5
17017,445.5
17018,445.5
17019,445.5
17020,445.5
17021,445.5
17022,445.5
17023,445.5
17024,445.5
17025,445.5
17026,445.5
17027,445.5
17028,445.5
17029,445.5
17030,445.5
17031,445.5
17032,445.5
17033,445.5
17034,445.5
17035,445.5
17036,445.5
17037,445.5
17038,445.5
17039,445.5
17040,445.5
17041,445.5
17042,445.5
17043,445.5
17044,445.5
17331,445.5
17332,445.5
17333,445.5
17334,445.5
17335,445.5
17336,445.5
17337,445.5
17338,445.5
17339,445.5
17340,445.5
17341,445.5
17342,445.5
17343,445.5
17344,445.5
17345,445.5
17346,445.5
17347,445.5
17348,445.5
17349,445.5
17350,445.5
17351,445.5
17352,445.5
17353,445.5
17354,445.5
17355,445.5
17356,445.5
17357,445.5
17358,445.5
17359,445.5
17360,445.5
17361,445.5
17362,445.5
17363,445.5
17364,445.5
17365,445.5
17366,445.5
17367,445.5
17368,445.5
17369,445.5
17370,445.5
17371,445.5
17372,445.5
17373,445.5
17374,445.5
17375,445.5
17376,445.5
17377,445.5
17378,445.5
