Id,Expected
0,126
1,101
2,56
3,30
4,12
5,14
6,17
7,48
8,150
9,258
10,329
11,360
12,471
13,761
14,768
15,502
16,473
17,586
18,261
19,349
20,306
21,297
22,248
23,237
24,185
25,156
26,119
27,40
28,10
29,38
30,85
31,147
32,202
33,247
34,345
35,517
36,689
37,177
38,338
39,312
40,509
41,418
42,213
43,153
44,138
45,95
46,54
301,32
302,12
303,8
304,5
305,12
306,99
307,244
308,650
309,395
310,175
311,181
312,227
313,220
314,153
315,208
316,218
317,447
318,420
319,326
320,220
321,156
322,190
323,128
324,111
325,51
326,56
327,30
328,9
329,13
330,16
331,52
332,147
333,210
334,336
335,348
336,601
337,342
338,304
339,374
340,642
341,675
342,524
343,243
344,287
345,244
346,206
347,119
348,108
349,83
350,83
351,38
352,7
353,11
354,10
355,47
356,66
357,144
358,236
359,270
360,385
361,306
362,355
363,322
364,348
365,263
366,220
367,225
368,130
369,121
370,106
371,119
372,90
373,45
374,20
375,16
376,13
377,17
378,88
379,160
380,563
381,360
382,247
383,233
384,255
385,345
386,391
387,364
388,448
389,519
390,240
391,336
392,327
393,156
394,163
395,38
641,97
642,152
643,73
644,25
645,10
646,9
647,37
648,93
649,208
650,242
651,317
652,487
653,507
654,408
655,463
656,483
657,390
658,230
659,263
660,313
661,189
662,115
663,101
664,74
665,6
666,9
667,2
668,3
669,15
670,90
671,516
672,933
673,428
674,163
675,156
676,240
677,235
678,194
679,190
680,400
681,861
682,978
683,449
684,255
685,198
686,127
687,101
688,39
689,14
690,9
691,5
692,63
693,111
694,472
695,734
696,444
697,159
698,156
699,172
700,174
701,143
702,254
703,398
704,739
705,750
706,345
707,310
708,166
709,135
710,138
711,46
712,16
713,14
714,8
715,6
716,15
717,154
718,149
719,521
720,350
721,138
722,164
723,219
724,253
725,266
726,292
727,421
728,752
729,656
730,393
731,290
732,208
733,156
734,94
992,43
993,11
994,12
995,2
996,6
997,20
998,135
999,331
1000,1000
1001,526
1002,316
1003,411
1004,412
1005,588
1006,640
1007,373
1008,632
1009,1081
1010,1111
1011,681
1012,286
1013,249
1014,157
1015,96
1016,40
1017,11
1018,5
1019,6
1020,32
1021,145
1022,527
1023,794
1024,532
1025,251
1026,362
1027,284
1028,432
1029,245
1030,244
1031,398
1032,686
1033,696
1034,468
1035,287
1036,223
1037,215
1038,129
1039,35
1040,13
1041,9
1042,5
1043,19
1044,119
1045,554
1046,1071
1047,405
1048,193
1049,226
1050,330
1051,277
1052,340
1053,402
1054,341
1055,1081
1056,762
1057,464
1058,374
1059,262
1060,228
1061,182
1062,60
1063,25
1064,18
1065,6
1066,7
1067,36
1068,189
1069,514
1070,758
1071,520
1072,290
1073,325
1074,616
1075,632
1076,466
1077,490
1078,852
1079,1350
1080,866
1081,657
1082,634
1083,570
1084,382
1085,206
1337,53
1338,11
1339,4
1340,6
1341,7
1342,29
1343,150
1344,484
1345,765
1346,507
1347,286
1348,351
1349,272
1350,467
1351,264
1352,253
1353,388
1354,822
1355,744
1356,426
1357,402
1358,225
1359,244
1360,95
1361,35
1362,13
1363,9
1364,5
1365,5
1366,36
1367,124
1368,288
1369,826
1370,453
1371,248
1372,232
1373,340
1374,459
1375,357
1376,442
1377,628
1378,1344
1379,902
1380,587
1381,344
1382,212
1383,171
1384,83
1643,43
1644,16
1645,9
1646,5
1647,26
1648,142
1649,586
1650,1063
1651,467
1652,232
1653,196
1654,401
1655,307
1656,314
1657,333
1658,540
1659,873
1660,1087
1661,497
1662,309
1663,271
1664,147
1665,121
1666,43
1667,16
1668,5
1669,7
1670,30
1671,127
1672,594
1673,917
1674,524
1675,223
1676,225
1677,367
1678,239
1679,293
1680,343
1681,544
1682,1004
1683,1195
1684,447
1685,359
1686,181
1687,218
1688,155
1689,46
1690,16
1691,13
1692,10
1693,35
1694,160
1695,425
1696,880
1697,434
1698,176
1699,212
1700,347
1701,358
1702,338
1703,329
1704,499
1705,865
1706,899
1707,847
1708,515
1709,477
1710,341
1711,179
1712,74
1713,55
1714,16
1715,9
1716,6
1717,34
1718,237
1719,650
1720,962
1721,596
1722,319
1723,420
1724,583
1725,449
1726,496
1727,567
1728,821
1729,1363
1730,934
1731,806
1732,687
1733,472
1734,421
1735,227
2019,59
2020,17
2021,15
2022,10
2023,10
2024,43
2025,217
2026,532
2027,1021
2028,555
2029,185
2030,250
2031,310
2032,353
2033,243
2034,161
2035,243
2036,376
2037,684
2038,523
2039,264
2040,253
2041,96
2042,63
2043,44
2044,19
2045,7
2046,6
2047,5
2048,30
2049,203
2050,417
2051,1270
2052,424
2053,204
2054,208
2055,177
2056,246
2057,158
2058,207
2059,407
2060,793
2061,628
2062,759
2063,243
2064,211
2065,141
2066,84
2067,34
2068,20
2069,13
2070,4
2071,2
2072,38
2073,220
2074,358
2075,896
2076,557
2077,274
2078,322
2079,444
2080,380
2081,243
2082,421
2083,419
2084,681
2085,558
2086,387
2087,361
2088,307
2089,251
2090,145
2091,91
2092,109
2093,56
2094,22
2095,13
2096,14
2097,21
2098,70
2099,180
2100,328
2101,818
2102,791
2103,344
2104,886
2105,332
2106,287
2107,833
2108,767
2109,507
2110,368
2111,227
2112,202
2113,223
2114,207
2378,90
2379,61
2380,27
2381,13
2382,8
2383,38
2384,252
2385,757
2386,1096
2387,682
2388,360
2389,515
2390,675
2391,635
2392,531
2393,589
2394,834
2395,1535
2396,1491
2397,1077
2398,764
2399,547
2400,505
2401,340
2402,150
2403,63
2404,46
2405,21
2406,13
2407,49
2408,222
2409,594
2410,1061
2411,771
2412,657
2413,490
2414,651
2415,624
2416,610
2417,449
2418,1365
2419,1251
2420,1046
2421,481
2422,286
2423,189
2424,316
2425,180
2426,130
2427,87
2428,88
2429,48
2430,12
2431,17
2432,55
2433,118
2434,188
2435,136
2436,254
2437,219
2438,765
2439,345
2440,666
2441,800
2442,659
2443,289
2444,473
2445,548
2446,264
2447,340
2448,142
2449,227
2450,207
2451,144
2452,147
2453,89
2454,20
2455,19
2456,26
2457,96
2458,161
2459,622
2460,721
2461,662
2462,869
2463,836
2464,601
2465,891
2466,949
2467,867
2468,669
2469,745
2470,400
2471,315
2472,194
2473,149
2762,138
2763,142
2764,112
2765,41
2766,8
2767,12
2768,39
2769,81
2770,276
2771,579
2772,758
2773,884
2774,910
2775,990
2776,797
2777,1190
2778,1080
2779,876
2780,938
2781,831
2782,474
2783,372
2784,450
2785,390
2786,180
2787,177
2788,178
2789,71
2790,17
2791,34
2792,20
2793,80
2794,181
2795,363
2796,700
2797,1041
2798,539
2799,1034
2800,1120
2801,1130
2802,830
2803,1474
2804,530
2805,955
2806,869
2807,717
2808,257
2809,200
2810,180
2811,69
2812,18
2813,8
2814,9
2815,54
2816,274
2817,650
2818,1095
2819,518
2820,276
2821,407
2822,618
2823,452
2824,564
2825,694
2826,812
2827,1730
2828,1430
2829,1146
2830,755
2831,693
2832,411
2833,197
3098,274
3099,252
3100,151
3101,93
3102,14
3103,19
3104,72
3105,115
3106,350
3107,486
3108,659
3109,570
3110,306
3111,349
3112,589
3113,1235
3114,738
3115,767
3116,649
3117,407
3118,279
3119,282
3120,290
3121,263
3122,250
3123,265
3124,212
3125,84
3126,25
3127,12
3128,40
3129,97
3130,211
3131,444
3132,980
3133,1041
3134,772
3135,730
3136,795
3137,998
3138,856
3139,526
3140,819
3141,670
3142,426
3143,346
3144,352
3145,349
3146,76
3147,39
3148,9
3149,6
3150,9
3151,55
3152,322
3153,864
3154,1248
3155,582
3156,330
3157,459
3158,575
3159,536
3160,495
3161,678
3162,446
3163,1497
3164,988
3165,1031
3166,674
3167,551
3168,401
3169,185
3170,76
3171,37
3172,11
3173,4
3174,15
3175,70
3176,264
3177,698
3178,1197
3179,675
3180,311
3181,398
3182,159
3183,426
3184,505
3185,578
3186,838
3187,1562
3188,1661
3189,1285
3190,813
3191,619
3192,297
3193,262
3482,249
3483,161
3484,121
3485,35
3486,25
3487,30
3488,119
3489,499
3490,582
3491,570
3492,949
3493,1429
3494,1431
3495,1462
3496,1507
3497,890
3498,1216
3499,952
3500,876
3501,884
3502,920
3503,658
3504,489
3505,228
3506,105
3507,45
3508,27
3509,18
3510,21
3511,75
3512,348
3513,977
3514,1344
3515,726
3516,431
3517,507
3518,539
3519,520
3520,455
3521,587
3522,860
3523,1566
3524,1561
3525,1259
3526,841
3527,790
3528,464
3529,270
3530,120
3531,48
3532,21
3533,17
3534,15
3535,60
3536,365
3537,1015
3538,1417
3539,832
3540,468
3541,479
3542,619
3543,659
3544,498
3545,589
3546,838
3547,1528
3548,1595
3549,965
3550,725
3551,709
3552,574
3553,405
3554,160
3555,67
3556,29
3557,17
3558,18
3559,85
3560,390
3561,996
3562,1278
3563,641
3564,505
3565,541
3566,641
3567,594
3568,545
3569,635
3570,913
3571,1557
3572,1595
3573,1360
3574,1005
3575,669
3576,531
3577,307
3842,112
3843,77
3844,24
3845,15
3846,8
3847,88
3848,349
3849,1153
3850,1495
3851,609
3852,391
3853,509
3854,581
3855,571
3856,561
3857,505
3858,962
3859,1203
3860,1594
3861,1162
3862,829
3863,795
3864,430
3865,235
3866,116
3867,51
3868,13
3869,12
3870,16
3871,62
3872,298
3873,923
3874,1512
3875,689
3876,427
3877,434
3878,694
3879,690
3880,512
3881,557
3882,999
3883,1633
3884,1893
3885,1270
3886,872
3887,638
3888,580
3889,318
3890,125
3891,115
3892,27
3893,14
3894,14
3895,81
3896,221
3897,623
3898,1392
3899,559
3900,432
3901,467
3902,583
3903,535
3904,474
3905,530
3906,588
3907,1552
3908,1514
3909,821
3910,718
3911,502
3912,233
3913,143
3914,122
3915,54
3916,27
3917,14
3918,15
3919,74
3920,284
3921,741
3922,1277
3923,695
3924,510
3925,445
3926,547
3927,640
3928,561
3929,673
3930,947
3931,946
3932,993
3933,562
3934,755
3935,576
3936,450
3937,394
4226,147
4227,64
4228,27
4229,18
4230,19
4231,84
4232,318
4233,897
4234,1357
4235,628
4236,420
4237,479
4238,648
4239,665
4240,547
4241,523
4242,807
4243,1626
4244,1571
4245,1144
4246,917
4247,638
4248,540
4249,355
4250,159
4251,96
4252,40
4253,26
4254,21
4255,81
4256,272
4257,851
4258,1313
4259,652
4260,520
4261,595
4262,560
4263,608
4264,561
4265,590
4266,948
4267,1708
4268,1684
4269,1238
4270,995
4271,562
4272,472
4273,462
4274,331
4275,240
4276,204
4277,114
4278,27
4279,30
4280,74
4281,245
4282,409
4283,971
4284,1026
4285,1091
4286,1383
4287,1362
4288,1292
4289,1322
4290,1024
4291,1296
4292,1502
4293,1056
4294,953
4295,711
4296,555
4297,467
4562,157
4563,67
4564,26
4565,19
4566,19
4567,85
4568,320
4569,949
4570,1384
4571,631
4572,417
4573,485
4574,579
4575,665
4576,514
4577,590
4578,1161
4579,1582
4580,1602
4581,1043
4582,952
4583,622
4584,507
4585,373
4586,170
4587,60
4588,36
4589,13
4590,16
4591,85
4592,314
4593,871
4594,1316
4595,714
4596,471
4597,458
4598,664
4599,687
4600,620
4601,732
4602,836
4603,1736
4604,1403
4605,1088
4606,1022
4607,686
4608,511
4609,402
4610,334
4611,256
4612,192
4613,98
4614,23
4615,21
4616,63
4617,158
4618,395
4619,706
4620,820
4621,1120
4622,1322
4623,1308
4624,1299
4625,1281
4626,1389
4627,1244
4628,1071
4629,1095
4630,955
4631,571
4632,617
4633,557
4634,361
4635,278
4636,242
4637,127
4638,21
4639,25
4640,51
4641,112
4642,354
4643,628
4644,864
4645,953
4646,1885
4647,1273
4648,1125
4649,1175
4650,1141
4651,1106
4652,1105
4653,1060
4654,726
4655,683
4656,484
4657,232
4946,341
4947,247
4948,164
4949,81
4950,26
4951,24
4952,87
4953,194
4954,406
4955,618
4956,783
4957,1185
4958,1383
4959,1308
4960,955
4961,966
4962,992
4963,994
4964,898
4965,1342
4966,867
4967,1132
4968,525
4969,387
4970,441
4971,304
4972,287
4973,99
4974,28
4975,46
4976,64
4977,115
4978,303
4979,502
4980,1093
4981,879
4982,907
4983,1531
4984,918
4985,1619
4986,905
4987,889
4988,920
4989,1041
4990,921
4991,624
4992,481
4993,386
4994,113
4995,95
4996,19
4997,20
4998,26
4999,62
5000,312
5001,904
5002,1228
5003,486
5004,382
5005,413
5006,584
5007,572
5008,485
5009,488
5010,952
5011,1796
5012,1672
5013,1215
5014,953
5015,662
5016,453
5017,306
5018,112
5019,42
5020,21
5021,19
5022,19
5023,78
5024,330
5025,949
5026,1297
5027,649
5028,500
5029,540
5030,583
5031,581
5032,466
5033,500
5034,798
5035,1866
5036,1584
5037,1170
5038,891
5039,730
5040,421
5041,271
5306,212
5307,208
5308,231
5309,99
5310,15
5311,17
5312,48
5313,79
5314,728
5315,565
5316,615
5317,663
5318,805
5319,1079
5320,1334
5321,1035
5322,1064
5323,1430
5324,1070
5325,841
5326,608
5327,206
5328,110
5329,183
5330,79
5331,37
5332,24
5333,18
5334,17
5335,70
5336,305
5337,916
5338,1229
5339,582
5340,340
5341,511
5342,572
5343,539
5344,574
5345,473
5346,1030
5347,1791
5348,1705
5349,1198
5350,919
5351,579
5352,552
5353,179
5354,111
5355,68
5356,24
5357,13
5358,18
5359,83
5360,327
5361,1007
5362,1242
5363,667
5364,483
5365,503
5366,560
5367,594
5368,667
5369,513
5370,850
5371,1676
5372,1694
5373,1245
5374,965
5375,694
5376,523
5377,264
5378,111
5379,57
5380,22
5381,20
5382,16
5383,78
5384,340
5385,942
5386,1361
5387,648
5388,392
5389,477
5390,579
5391,576
5392,502
5393,517
5394,818
5395,1767
5396,1897
5397,1286
5398,1173
5399,775
5400,558
5401,342
5677,111
5678,91
5679,19
5680,11
5681,10
5682,72
5683,337
5684,1006
5685,1243
5686,672
5687,406
5688,480
5689,760
5690,745
5691,1433
5692,1128
5693,947
5694,1689
5695,1638
5696,1240
5697,890
5698,674
5699,469
5700,268
5701,132
5702,56
5703,23
5704,10
5705,16
5706,80
5707,351
5708,940
5709,1433
5710,736
5711,494
5712,459
5713,592
5714,789
5715,546
5716,653
5717,905
5718,1577
5719,1600
5720,1145
5721,974
5722,727
5723,510
5724,260
5725,129
5726,61
5727,21
5728,11
5729,13
5730,89
5731,413
5732,943
5733,1453
5734,747
5735,443
5736,493
5737,568
5738,773
5739,359
5740,663
5741,884
5742,1737
5743,1568
5744,1245
5745,996
5746,734
5747,508
5748,321
5749,199
5750,31
5751,15
5752,19
5753,18
5754,64
5755,280
5756,956
5757,1332
5758,579
5759,434
5760,548
5761,604
5762,624
5763,558
5764,488
5765,908
5766,1767
5767,1611
5768,917
5769,671
5770,760
5771,507
5772,359
6034,108
6035,50
6036,27
6037,12
6038,15
6039,70
6040,366
6041,938
6042,1414
6043,670
6044,450
6045,469
6046,646
6047,588
6048,528
6049,531
6050,1028
6051,1844
6052,1695
6053,1176
6054,1003
6055,653
6056,579
6057,305
6058,173
6059,53
6060,18
6061,16
6062,17
6063,85
6064,320
6065,948
6066,1423
6067,539
6068,450
6069,463
6070,588
6071,527
6072,532
6073,585
6074,747
6075,591
6076,903
6077,867
6078,672
6079,566
6080,405
6081,247
6082,112
6083,58
6084,32
6085,15
6086,11
6087,63
6088,256
6089,810
6090,1040
6091,601
6092,427
6093,475
6094,544
6095,639
6096,546
6097,557
6098,806
6099,1404
6100,1171
6101,832
6102,644
6103,473
6104,442
6105,402
6106,275
6107,232
6108,142
6109,80
6110,23
6111,23
6112,48
6113,141
6114,258
6115,497
6116,864
6117,1091
6118,990
6119,994
6120,981
6121,1104
6122,706
6123,1108
6124,797
6125,734
6126,732
6127,433
6128,371
6129,296
6418,143
6419,77
6420,38
6421,20
6422,16
6423,91
6424,311
6425,783
6426,1371
6427,671
6428,468
6429,520
6430,702
6431,685
6432,638
6433,680
6434,928
6435,1692
6436,1531
6437,1140
6438,778
6439,554
6440,423
6441,350
6442,270
6443,220
6444,121
6445,40
6446,20
6447,18
6448,44
6449,187
6450,223
6451,220
6452,361
6453,215
6454,564
6455,694
6456,794
6457,663
6458,438
6459,289
6460,261
6461,524
6462,253
6463,236
6464,251
6465,168
6466,148
6467,76
6468,99
6469,54
6470,17
6471,15
6472,52
6473,118
6474,192
6475,434
6476,599
6477,752
6478,1023
6479,726
6480,278
6481,376
6482,322
6483,414
6484,839
6485,511
6486,438
6487,250
6488,157
6489,179
6754,132
6755,54
6756,38
6757,24
6758,16
6759,68
6760,228
6761,440
6762,1417
6763,483
6764,257
6765,360
6766,306
6767,591
6768,600
6769,678
6770,1122
6771,1532
6772,1448
6773,1219
6774,710
6775,584
6776,403
6777,405
6778,259
6779,230
6780,127
6781,36
6782,23
6783,19
6784,60
6785,147
6786,370
6787,688
6788,902
6789,864
6790,1216
6791,1190
6792,1988
6793,2063
6794,1384
6795,1225
6796,799
6797,807
6798,688
6799,453
6800,363
6801,378
6802,420
6803,272
6804,190
6805,76
6806,18
6807,27
6808,60
6809,116
6810,280
6811,952
6812,731
6813,889
6814,1083
6815,1116
6816,1563
6817,1158
6818,1653
6819,1089
6820,935
6821,753
6822,574
6823,481
6824,329
6825,197
6826,95
6827,39
6828,21
6829,20
6830,14
6831,76
6832,301
6833,889
6834,1300
6835,590
6836,450
6837,366
6838,613
6839,629
6840,473
6841,623
6842,836
6843,1607
6844,1535
6845,1139
6846,603
6847,512
6848,388
6849,155
7137,194
7138,157
7139,103
7140,53
7141,19
7142,11
7143,23
7144,68
7145,177
7146,311
7147,845
7148,696
7149,1323
7150,1216
7151,999
7152,977
7153,1012
7154,1160
7155,686
7156,883
7157,219
7158,201
7159,190
7160,138
7161,54
7162,25
7163,19
7164,7
7165,13
7166,61
7167,243
7168,723
7169,1173
7170,578
7171,303
7172,356
7173,557
7174,492
7175,403
7176,464
7177,753
7178,1320
7179,1213
7180,845
7181,566
7182,481
7183,303
7184,168
7185,53
7186,32
7187,17
7188,8
7189,10
7190,66
7191,309
7192,1004
7193,1423
7194,672
7195,390
7196,454
7197,682
7198,605
7199,471
7200,573
7201,842
7202,1450
7203,1356
7204,906
7205,615
7206,487
7207,324
7208,203
7209,48
7210,28
7211,11
7212,8
7213,10
7214,84
7215,308
7216,958
7217,1432
7218,711
7219,358
7220,454
7221,556
7222,571
7223,553
7224,531
7225,837
7226,1433
7227,1230
7228,860
7229,648
7230,449
7231,331
7232,203
7497,93
7498,41
7499,17
7500,8
7501,11
7502,71
7503,214
7504,959
7505,1306
7506,677
7507,344
7508,563
7509,611
7510,555
7511,584
7512,643
7513,929
7514,1710
7515,1650
7516,1332
7517,770
7518,602
7519,378
7520,219
7521,82
7522,29
7523,21
7524,11
7525,13
7526,79
7527,297
7528,799
7529,1333
7530,833
7531,367
7532,490
7533,429
7534,203
7535,484
7536,731
7537,805
7538,1519
7539,1502
7540,870
7541,595
7542,528
7543,343
7544,139
7545,77
7546,31
7547,18
7548,16
7549,11
7550,12
7551,312
7552,401
7553,909
7554,338
7555,139
7556,112
7557,179
7558,153
7559,318
7560,198
7561,290
7562,1053
7563,476
7564,494
7565,236
7566,181
7567,122
7568,68
7569,74
7570,36
7571,22
7572,12
7573,8
7574,53
7575,197
7576,581
7577,962
7578,677
7579,353
7580,267
7581,387
7582,371
7583,390
7584,364
7585,600
7586,1261
7587,1062
7588,761
7589,502
7590,496
7591,266
7592,187
7880,60
7881,32
7882,8
7883,6
7884,8
7885,82
7886,275
7887,741
7888,1389
7889,662
7890,335
7891,482
7892,443
7893,492
7894,321
7895,431
7896,788
7897,1118
7898,832
7899,772
7900,516
7901,339
7902,258
7903,127
7904,79
7905,32
7906,10
7907,6
7908,9
7909,45
7910,223
7911,762
7912,1453
7913,716
7914,383
7915,336
7916,532
7917,454
7918,429
7919,445
7920,687
7921,1263
7922,1057
7923,897
7924,560
7925,439
7926,296
7927,198
7928,85
7929,34
7930,20
7931,17
7932,7
7933,38
7934,202
7935,427
7936,1087
7937,584
7938,317
7939,416
7940,588
7941,536
7942,500
7943,492
7944,668
7945,1339
7946,703
7947,595
7948,540
7949,366
7950,313
7951,193
8216,50
8217,22
8218,8
8219,7
8220,7
8221,59
8222,239
8223,904
8224,958
8225,772
8226,344
8227,340
8228,467
8229,416
8230,330
8231,451
8232,640
8233,1121
8234,956
8235,785
8236,548
8237,507
8238,263
8239,218
8240,84
8241,42
8242,20
8243,11
8244,10
8245,77
8246,284
8247,907
8248,1279
8249,694
8250,377
8251,357
8252,502
8253,515
8254,460
8255,279
8256,290
8257,1346
8258,1360
8259,948
8260,1017
8261,613
8262,519
8263,368
8264,153
8265,74
8266,34
8267,18
8268,9
8269,85
8270,309
8271,716
8272,1419
8273,752
8274,423
8275,408
8276,453
8277,598
8278,351
8279,488
8280,465
8281,1067
8282,987
8283,612
8284,472
8285,292
8286,225
8287,233
8288,225
8289,76
8290,80
8291,31
8292,20
8293,17
8294,26
8295,80
8296,243
8297,373
8298,401
8299,471
8300,569
8301,663
8302,762
8303,715
8304,664
8305,585
8306,409
8307,310
8308,312
8309,221
8310,231
8311,176
8597,100
8598,35
8599,15
8600,10
8601,7
8602,38
8603,203
8604,468
8605,1289
8606,570
8607,350
8608,417
8609,558
8610,558
8611,453
8612,465
8613,705
8614,1344
8615,848
8616,705
8617,587
8618,331
8619,262
8620,212
8621,153
8622,99
8623,178
8624,54
8625,22
8626,12
8627,38
8628,50
8629,212
8630,384
8631,504
8632,852
8633,1391
8634,1174
8635,1038
8636,983
8637,1349
8638,779
8639,786
8640,539
8641,506
8642,387
8643,380
8644,209
8645,260
8646,147
8647,121
8648,98
8649,27
8650,9
8651,25
8652,65
8653,180
8654,161
8655,520
8656,598
8657,1102
8658,1014
8659,947
8660,1055
8661,830
8662,1082
8663,369
8664,327
8665,575
8666,325
8667,282
8668,197
8669,148
8670,74
8671,67
8672,12
8673,18
8674,37
8675,101
8676,359
8677,686
8678,396
8679,481
8680,800
8681,796
8682,508
8683,626
8684,604
8685,598
8686,624
8687,506
8688,362
8689,422
8690,257
8691,126
8955,195
8956,154
8957,108
8958,36
8959,18
8960,14
8961,27
8962,88
8963,232
8964,396
8965,531
8966,487
8967,793
8968,669
8969,763
8970,686
8971,683
8972,522
8973,473
8974,402
8975,298
8976,234
8977,247
8978,195
8979,204
8980,141
8981,135
8982,64
8983,15
8984,8
8985,14
8986,40
8987,130
8988,269
8989,400
8990,544
8991,789
8992,626
8993,528
8994,624
8995,679
8996,523
8997,486
8998,332
8999,232
9000,192
9001,239
9002,74
9003,75
9004,40
9005,16
9006,14
9007,9
9008,44
9009,87
9010,326
9011,587
9012,636
9013,394
9014,484
9015,557
9016,411
9017,482
9018,608
9019,555
9020,507
9021,608
9022,411
9023,339
9024,378
9025,258
9026,113
9027,66
9028,25
9029,12
9030,14
9031,62
9032,173
9033,600
9034,853
9035,316
9036,152
9037,364
9038,370
9039,452
9040,449
9041,466
9042,778
9043,1566
9044,1224
9045,968
9046,750
9047,545
9048,448
9049,205
9338,95
9339,14
9340,10
9341,5
9342,5
9343,51
9344,217
9345,735
9346,1237
9347,667
9348,289
9349,354
9350,377
9351,449
9352,399
9353,441
9354,695
9355,1218
9356,1136
9357,836
9358,595
9359,422
9360,259
9361,136
9362,48
9363,23
9364,10
9365,9
9366,8
9367,61
9368,292
9369,827
9370,1480
9371,752
9372,301
9373,375
9374,489
9375,595
9376,505
9377,700
9378,905
9379,1640
9380,1903
9381,1254
9382,633
9383,612
9384,451
9385,224
9386,92
9387,43
9388,8
9389,9
9390,9
9391,85
9392,158
9393,538
9394,967
9395,772
9396,402
9397,517
9398,534
9399,572
9400,693
9401,625
9402,1123
9403,2031
9404,1771
9405,1256
9406,871
9407,762
9408,547
9409,326
9410,123
9411,58
9412,21
9413,12
9414,20
9415,83
9416,221
9417,673
9418,1380
9419,486
9420,222
9421,257
9422,621
9423,470
9424,452
9425,581
9426,852
9427,1565
9428,1615
9429,1116
9430,647
9431,523
9432,331
9433,266
9697,57
9698,19
9699,21
9700,5
9701,10
9702,60
9703,216
9704,622
9705,1009
9706,631
9707,220
9708,310
9709,500
9710,507
9711,383
9712,556
9713,721
9714,1284
9715,1604
9716,877
9717,640
9718,469
9719,348
9720,180
9721,71
9722,27
9723,9
9724,6
9725,7
9726,85
9727,308
9728,1045
9729,1220
9730,650
9731,342
9732,521
9733,557
9734,554
9735,495
9736,600
9737,859
9738,1410
9739,1223
9740,993
9741,691
9742,472
9743,272
9744,225
9745,79
9746,49
9747,20
9748,16
9749,19
9750,80
9751,337
9752,816
9753,1431
9754,733
9755,190
9756,251
9757,235
9758,252
9759,229
9760,235
9761,356
9762,569
9763,434
9764,865
9765,724
9766,495
9767,488
9768,267
9769,82
9770,45
9771,21
9772,9
9773,9
9774,67
9775,302
9776,865
9777,1240
9778,740
9779,341
9780,488
9781,629
9782,486
9783,503
9784,541
9785,872
9786,1589
9787,1197
9788,888
9789,652
9790,513
9791,388
9792,309
10078,76
10079,42
10080,25
10081,13
10082,11
10083,88
10084,375
10085,802
10086,1644
10087,814
10088,443
10089,556
10090,702
10091,734
10092,705
10093,732
10094,1136
10095,2011
10096,1926
10097,1335
10098,980
10099,650
10100,437
10101,306
10102,111
10103,56
10104,19
10105,13
10106,6
10107,54
10108,243
10109,659
10110,1215
10111,691
10112,410
10113,467
10114,650
10115,516
10116,402
10117,536
10118,259
10119,514
10120,501
10121,375
10122,645
10123,238
10124,480
10125,260
10389,130
10390,77
10391,26
10392,14
10393,15
10394,86
10395,432
10396,1159
10397,1823
10398,965
10399,608
10400,764
10401,924
10402,950
10403,838
10404,909
10405,1349
10406,2331
10407,2340
10408,1732
10409,1240
10410,991
10411,624
10412,333
10413,145
10414,67
10415,30
10416,18
10417,9
10418,95
10419,432
10420,1290
10421,1845
10422,860
10423,611
10424,644
10425,936
10426,808
10427,679
10428,924
10429,1138
10430,2142
10431,2261
10432,1165
10433,807
10434,857
10435,681
10436,369
10437,135
10438,57
10439,32
10440,17
10441,15
10442,79
10443,341
10444,891
10445,1515
10446,836
10447,387
10448,421
10449,637
10450,473
10451,489
10452,205
10453,339
10454,600
10455,664
10456,941
10457,825
10458,571
10459,487
10460,295
10461,298
10462,281
10463,200
10464,67
10465,44
10466,12
10467,81
10468,119
10469,296
10470,1303
10471,824
10472,837
10473,1665
10474,1517
10475,1967
10476,1344
10477,1933
10478,1101
10479,1463
10480,1193
10481,795
10482,1446
10483,629
10484,347
10773,112
10774,66
10775,17
10776,17
10777,10
10778,51
10779,293
10780,882
10781,1552
10782,1151
10783,371
10784,479
10785,501
10786,332
10787,182
10788,166
10789,262
10790,1266
10791,1250
10792,768
10793,779
10794,576
10795,392
10796,313
10797,240
10798,203
10799,195
10800,95
10801,23
10802,17
10803,43
10804,116
10805,219
10806,515
10807,764
10808,1213
10809,1010
10810,1807
10811,2030
10812,1830
10813,1337
10814,1103
10815,675
10816,713
10817,374
10818,464
10819,300
10820,241
10821,256
10822,205
10823,167
10824,66
10825,25
10826,15
10827,25
10828,113
10829,571
10830,497
10831,1103
10832,788
10833,1159
10834,1124
10835,1110
10836,1214
10837,1527
10838,962
10839,909
10840,881
10841,482
10842,529
10843,144
10844,173
10845,88
10846,24
10847,13
10848,11
10849,85
10850,346
10851,916
10852,1885
10853,747
10854,373
10855,388
10856,987
10857,709
10858,710
10859,699
10860,934
10861,1675
10862,1820
10863,1289
10864,789
10865,657
10866,313
10867,194
11131,284
11132,216
11133,153
11134,59
11135,34
11136,25
11137,61
11138,179
11139,295
11140,646
11141,1040
11142,1681
11143,2032
11144,2066
11145,1649
11146,1772
11147,1740
11148,1437
11149,1778
11150,1393
11151,728
11152,739
11153,437
11154,386
11155,354
11156,335
11157,308
11158,152
11159,44
11160,26
11161,59
11162,121
11163,464
11164,748
11165,1215
11166,1524
11167,1855
11168,1717
11169,2148
11170,1672
11171,1836
11172,2111
11173,1573
11174,1851
11175,901
11176,768
11177,594
11178,448
11179,249
11180,163
11181,131
11182,39
11183,20
11184,55
11185,108
11186,161
11187,1111
11188,707
11189,1179
11190,1121
11191,1685
11192,1709
11193,1569
11194,1678
11195,1493
11196,1603
11197,2218
11198,1982
11199,1007
11200,725
11201,423
11202,255
11203,158
11204,56
11205,26
11206,10
11207,19
11208,104
11209,501
11210,1438
11211,2048
11212,927
11213,606
11214,741
11215,853
11216,946
11217,796
11218,1009
11219,1226
11220,2570
11221,2498
11222,1631
11223,1201
11224,820
11225,533
11226,314
11515,91
11516,38
11517,23
11518,7
11519,12
11520,77
11521,373
11522,1156
11523,1967
11524,733
11525,385
11526,473
11527,556
11528,648
11529,509
11530,615
11531,958
11532,1903
11533,2011
11534,1214
11535,965
11536,680
11537,498
11538,249
11539,112
11540,56
11541,24
11542,10
11543,13
11544,69
11545,334
11546,919
11547,1631
11548,900
11549,679
11550,682
11551,845
11552,860
11553,820
11554,914
11555,1297
11556,2523
11557,2070
11558,1597
11559,1224
11560,790
11561,639
11562,483
11563,148
11564,55
11565,24
11566,18
11567,18
11568,118
11569,209
11570,1259
11571,1635
11572,909
11573,445
11574,528
11575,756
11576,899
11577,839
11578,694
11579,1016
11580,2191
11581,1867
11582,1550
11583,997
11584,733
11585,500
11586,362
11851,94
11852,45
11853,31
11854,12
11855,23
11856,98
11857,172
11858,514
11859,891
11860,574
11861,279
11862,435
11863,526
11864,701
11865,684
11866,677
11867,913
11868,493
11869,1803
11870,786
11871,744
11872,676
11873,512
11874,312
11875,181
11876,27
11877,29
11878,9
11879,13
11880,63
11881,334
11882,902
11883,1743
11884,883
11885,602
11886,749
11887,881
11888,346
11889,788
11890,779
11891,1289
11892,2401
11893,2077
11894,1308
11895,696
11896,525
11897,606
11898,215
11899,92
11900,37
11901,26
11902,17
11903,20
11904,122
11905,535
11906,1487
11907,2187
11908,996
11909,617
11910,798
11911,985
11912,953
11913,876
11914,827
11915,1446
11916,2351
11917,2410
11918,1888
11919,1249
11920,1034
11921,714
11922,375
11923,218
11924,145
11925,36
11926,17
11927,19
11928,96
11929,418
11930,1267
11931,2179
11932,1158
11933,511
11934,587
11935,951
11936,954
11937,765
11938,852
11939,1279
11940,2434
11941,2242
11942,1764
11943,1351
11944,821
11945,691
11946,459
12235,107
12236,24
12237,13
12238,5
12239,19
12240,104
12241,482
12242,620
12243,2027
12244,1030
12245,560
12246,758
12247,1041
12248,961
12249,872
12250,962
12251,1329
12252,2610
12253,2496
12254,1904
12255,994
12256,1107
12257,785
12258,449
12259,264
12260,75
12261,33
12262,22
12263,20
12264,110
12265,493
12266,1452
12267,1837
12268,980
12269,518
12270,732
12271,961
12272,1008
12273,855
12274,946
12275,1374
12276,2381
12277,2248
12278,1822
12279,1476
12280,943
12281,800
12282,527
12283,297
12284,97
12285,38
12286,31
12287,20
12288,105
12289,246
12290,1295
12291,2044
12292,998
12293,841
12294,730
12295,778
12296,942
12297,636
12298,797
12299,909
12300,955
12301,1090
12302,622
12303,547
12304,744
12305,142
12306,151
12307,336
12308,376
12309,296
12310,97
12311,32
12312,28
12313,85
12314,234
12315,593
12316,1198
12317,1623
12318,2046
12319,2045
12320,1937
12321,2002
12322,2149
12323,2093
12324,2132
12325,2001
12326,1411
12327,971
12328,991
12329,676
12330,567
12595,186
12596,82
12597,25
12598,13
12599,15
12600,104
12601,461
12602,1462
12603,1954
12604,1052
12605,682
12606,645
12607,834
12608,891
12609,801
12610,929
12611,1345
12612,2557
12613,2335
12614,1852
12615,1427
12616,884
12617,618
12618,433
12619,200
12620,87
12621,44
12622,22
12623,21
12624,101
12625,515
12626,1366
12627,2263
12628,1121
12629,677
12630,838
12631,1019
12632,1066
12633,927
12634,1111
12635,1484
12636,2449
12637,2237
12638,1970
12639,1228
12640,924
12641,766
12642,561
12643,490
12644,358
12645,233
12646,122
12647,27
12648,41
12649,118
12650,229
12651,588
12652,1099
12653,1283
12654,1428
12655,1801
12656,1972
12657,2127
12658,1470
12659,1488
12660,1357
12661,1330
12662,1380
12663,762
12664,646
12665,781
12666,568
12667,444
12668,376
12669,340
12670,166
12671,43
12672,29
12673,77
12674,130
12675,456
12676,630
12677,1272
12678,1486
12679,2026
12680,1766
12681,1738
12682,1641
12683,1651
12684,1795
12685,1363
12686,1269
12687,999
12688,804
12689,536
12690,338
12979,179
12980,182
12981,236
12982,130
12983,28
12984,39
12985,119
12986,271
12987,735
12988,823
12989,935
12990,1586
12991,1975
12992,2040
12993,2027
12994,1908
12995,1326
12996,1765
12997,1081
12998,974
12999,913
13000,709
13001,728
13002,698
13003,511
13004,279
13005,328
13006,132
13007,31
13008,40
13009,62
13010,183
13011,396
13012,782
13013,1370
13014,1342
13015,1385
13016,1258
13017,1543
13018,1432
13019,1586
13020,1622
13021,1609
13022,1404
13023,1288
13024,1081
13025,587
13026,267
13027,149
13028,62
13029,20
13030,12
13031,27
13032,105
13033,441
13034,1369
13035,2105
13036,962
13037,621
13038,705
13039,880
13040,855
13041,806
13042,833
13043,1332
13044,2487
13045,2598
13046,1980
13047,1503
13048,1061
13049,657
13050,375
13315,313
13316,362
13317,231
13318,92
13319,44
13320,36
13321,94
13322,276
13323,576
13324,919
13325,1299
13326,1429
13327,1849
13328,1774
13329,1631
13330,1308
13331,1129
13332,716
13333,1017
13334,922
13335,852
13336,706
13337,704
13338,523
13339,609
13340,506
13341,316
13342,124
13343,58
13344,35
13345,63
13346,217
13347,424
13348,704
13349,1333
13350,1520
13351,1251
13352,1538
13353,1675
13354,1747
13355,1562
13356,1121
13357,1441
13358,727
13359,828
13360,690
13361,474
13362,442
13363,68
13364,64
13365,34
13366,13
13367,23
13368,115
13369,444
13370,1492
13371,2091
13372,1018
13373,619
13374,638
13375,833
13376,808
13377,820
13378,767
13379,1060
13380,1401
13381,2455
13382,1867
13383,1253
13384,891
13385,525
13386,323
13387,179
13388,57
13389,34
13390,8
13391,18
13392,111
13393,492
13394,1267
13395,1983
13396,915
13397,543
13398,589
13399,785
13400,889
13401,794
13402,949
13403,1349
13404,2656
13405,2397
13406,1762
13407,1254
13408,1021
13409,745
13410,428
13699,145
13700,60
13701,33
13702,14
13703,26
13704,120
13705,499
13706,1459
13707,1757
13708,1014
13709,548
13710,681
13711,866
13712,931
13713,884
13714,930
13715,1369
13716,2723
13717,2522
13718,1876
13719,1350
13720,1006
13721,497
13722,337
13723,174
13724,100
13725,51
13726,15
13727,18
13728,127
13729,581
13730,1450
13731,1978
13732,1011
13733,683
13734,829
13735,1000
13736,917
13737,862
13738,1035
13739,1359
13740,2632
13741,2447
13742,1425
13743,735
13744,845
13745,677
13746,321
13747,150
13748,61
13749,18
13750,17
13751,20
13752,113
13753,561
13754,1516
13755,1976
13756,989
13757,713
13758,768
13759,859
13760,873
13761,874
13762,989
13763,1328
13764,2664
13765,1821
13766,1844
13767,1556
13768,1111
13769,759
13770,421
13771,223
13772,77
13773,37
13774,28
13775,19
13776,132
13777,549
13778,1521
13779,2173
13780,1082
13781,628
13782,698
13783,923
13784,932
13785,644
13786,924
13787,1384
13788,2597
13789,2437
13790,1709
13791,1451
13792,1020
13793,806
13794,447
14059,166
14060,46
14061,25
14062,26
14063,17
14064,109
14065,483
14066,1011
14067,1953
14068,995
14069,560
14070,804
14071,952
14072,1071
14073,836
14074,943
14075,1366
14076,1794
14077,2556
14078,1844
14079,1150
14080,955
14081,757
14082,374
14083,193
14084,68
14085,27
14086,15
14087,20
14088,129
14089,534
14090,1510
14091,2069
14092,996
14093,616
14094,636
14095,1055
14096,892
14097,809
14098,980
14099,1555
14100,2865
14101,2598
14102,1839
14103,1394
14104,1115
14105,807
14106,469
14107,197
14108,59
14109,35
14110,21
14111,19
14112,139
14113,512
14114,1526
14115,1793
14116,1058
14117,704
14118,855
14119,1025
14120,888
14121,841
14122,850
14123,1322
14124,2273
14125,2353
14126,1890
14127,1530
14128,1036
14129,939
14130,469
14131,178
14132,90
14133,43
14134,24
14135,19
14136,109
14137,484
14138,1412
14139,2129
14140,1029
14141,589
14142,634
14143,865
14144,901
14145,697
14146,730
14147,1164
14148,2180
14149,2015
14150,1057
14151,879
14152,684
14153,121
14154,113
14443,193
14444,64
14445,34
14446,23
14447,18
14448,144
14449,525
14450,1609
14451,1939
14452,1155
14453,721
14454,860
14455,1023
14456,974
14457,934
14458,1013
14459,1430
14460,2471
14461,2476
14462,1902
14463,1465
14464,1001
14465,902
14466,497
14467,234
14468,65
14469,40
14470,21
14471,21
14472,111
14473,510
14474,1272
14475,2109
14476,967
14477,777
14478,767
14479,744
14480,913
14481,853
14482,836
14483,1229
14484,153628
14485,2157
14486,1720
14487,1277
14488,1041
14489,783
14490,543
14491,516
14492,311
14493,209
14494,109
14495,28
14496,40
14497,112
14498,221
14499,438
14500,980
14501,1156
14502,1185
14503,1332
14504,974
14505,1459
14506,1781
14507,1054
14508,1801
14509,1760
14510,797
14511,1178
14512,374
14513,598
14514,669
14515,423
14516,522
14517,244
14518,177
14519,51
14520,28
14521,48
14522,140
14523,398
14524,615
14525,890
14526,1625
14527,756
14528,1743
14529,778
14530,983
14531,1726
14532,1206
14533,1100
14534,825
14535,721
14536,1004
14537,253
14538,218
14803,223
14804,109
14805,43
14806,26
14807,22
14808,141
14809,494
14810,1271
14811,2013
14812,1128
14813,736
14814,822
14815,1129
14816,1115
14817,913
14818,1221
14819,1477
14820,2707
14821,2509
14822,1838
14823,1394
14824,890
14825,718
14826,592
14827,447
14828,331
14829,268
14830,111
14831,37
14832,42
14833,104
14834,281
14835,684
14836,1010
14837,1687
14838,1700
14839,1741
14840,2300
14841,1624
14842,1698
14843,1793
14844,1802
14845,1804
14846,1448
14847,1064
14848,739
14849,665
14850,589
14851,451
14852,397
14853,296
14854,166
14855,40
14856,22
14857,64
14858,196
14859,479
14860,887
14861,1486
14862,1928
14863,2312
14864,2069
14865,2081
14866,1948
14867,1780
14868,2022
14869,1437
14870,1199
14871,1038
14872,687
14873,502
14874,312
14875,140
14876,43
14877,31
14878,13
14879,24
14880,95
14881,448
14882,1469
14883,2230
14884,954
14885,622
14886,645
14887,736
14888,917
14889,770
14890,761
14891,997
14892,2125
14893,2164
14894,1283
14895,1068
14896,400
14897,448
14898,115
15187,442
15188,377
15189,274
15190,120
15191,41
15192,21
15193,64
15194,190
15195,501
15196,865
15197,1552
15198,1742
15199,2032
15200,2300
15201,2239
15202,2226
15203,2348
15204,2191
15205,1368
15206,376
15207,197
15208,477
15209,308
15210,205
15211,141
15212,39
15213,26
15214,12
15215,18
15216,97
15217,450
15218,1347
15219,1785
15220,984
15221,649
15222,680
15223,805
15224,811
15225,758
15226,876
15227,1096
15228,861
15229,1373
15230,1261
15231,504
15232,729
15233,403
15234,168
15235,115
15236,56
15237,26
15238,17
15239,18
15240,102
15241,480
15242,854
15243,1032
15244,667
15245,348
15246,194
15247,751
15248,647
15249,385
15250,182
15251,696
15252,993
15253,1773
15254,1090
15255,544
15256,316
15257,409
15258,251
15523,358
15524,348
15525,225
15526,134
15527,39
15528,21
15529,52
15530,152
15531,450
15532,462
15533,1069
15534,1775
15535,2293
15536,1990
15537,2262
15538,1674
15539,2349
15540,1797
15541,1297
15542,951
15543,694
15544,634
15545,568
15546,264
15547,82
15548,42
15549,25
15550,8
15551,28
15552,108
15553,431
15554,1115
15555,1899
15556,681
15557,435
15558,603
15559,455
15560,552
15561,836
15562,928
15563,1256
15564,2298
15565,1350
15566,734
15567,841
15568,732
15569,534
15570,321
15571,135
15572,53
15573,21
15574,11
15575,18
15576,101
15577,529
15578,1361
15579,2180
15580,1148
15581,635
15582,711
15583,896
15584,886
15585,802
15586,710
15587,1353
15588,2553
15589,2339
15590,1416
15591,1000
15592,770
15593,407
15594,377
15595,90
15596,48
15597,20
15598,14
15599,17
15600,92
15601,463
15602,1306
15603,1778
15604,1012
15605,507
15606,679
15607,911
15608,828
15609,747
15610,948
15611,1456
15612,2487
15613,2076
15614,1583
15615,1020
15616,772
15617,582
15618,323
15884,231
15885,257
15886,174
15887,434
15888,573
15889,956
15890,1352
15891,753
15892,541
15893,305
15894,291
15895,65
15896,88
15897,10
15898,12
15899,16
15900,82
15901,383
15902,1168
15903,2154
15904,926
15905,511
15906,523
15907,842
15908,778
15909,537
15910,941
15911,937
15912,1575
15913,1761
15914,1194
15915,831
15916,614
15917,402
15918,302
15919,125
15920,46
15921,36
15922,17
15923,18
15924,96
15925,372
15926,962
15927,1769
15928,678
15929,281
15930,410
15931,373
15932,575
15933,565
15934,634
15935,911
15936,878
15937,1438
15938,941
15939,815
15940,595
15941,487
15942,352
15943,134
15944,58
15945,24
15946,14
15947,16
15948,78
15949,272
15950,869
15951,2116
15952,791
15953,569
15954,596
15955,705
15956,695
15957,682
15958,599
15959,1146
15960,1943
15961,1234
15962,695
15963,686
15964,453
15965,415
15966,283
16230,85
16231,26
16232,11
16233,10
16234,10
16235,95
16236,328
16237,948
16238,1589
16239,863
16240,474
16241,585
16242,805
16243,717
16244,638
16245,854
16246,1153
16247,1603
16248,1450
16249,1100
16250,620
16251,628
16252,372
16253,274
16254,91
16255,50
16256,16
16257,11
16258,20
16259,102
16260,376
16261,883
16262,1619
16263,978
16264,427
16265,473
16266,682
16267,567
16268,518
16269,680
16270,886
16271,1413
16272,1385
16273,950
16274,819
16275,477
16276,505
16277,230
16278,109
16279,60
16280,27
16281,13
16282,18
16283,74
16284,305
16285,827
16286,1566
16287,870
16288,761
16289,718
16290,765
16291,778
16292,790
16293,977
16294,1176
16295,1810
16296,1428
16297,1194
16298,606
16299,557
16300,387
16301,265
16302,296
16303,214
16304,151
16305,30
16306,15
16307,23
16308,38
16309,107
16310,361
16311,690
16312,926
16313,1310
16314,1205
16315,1286
16316,1556
16317,1637
16318,1408
16319,795
16320,746
16321,736
16322,382
16323,409
16324,307
16325,238
16613,138
16614,48
16615,26
16616,15
16617,17
16618,69
16619,341
16620,719
16621,1289
16622,604
16623,447
16624,559
16625,628
16626,1033
16627,641
16628,905
16629,1117
16630,1544
16631,1099
16632,1184
16633,751
16634,628
16635,474
16636,267
16637,315
16638,239
16639,147
16640,54
16641,17
16642,20
16643,41
16644,96
16645,248
16646,415
16647,529
16648,540
16649,675
16650,759
16651,792
16652,922
16653,884
16654,839
16655,633
16656,511
16657,473
16658,335
16659,296
16660,313
16661,315
16662,244
16663,245
16664,117
16665,28
16666,16
16667,32
16668,63
16669,268
16670,309
16671,579
16672,704
16673,1107
16674,1152
16675,1192
16676,1300
16677,826
16678,443
16679,887
16680,785
16681,510
16682,391
16683,292
16684,234
16949,141
16950,52
16951,20
16952,9
16953,14
16954,72
16955,221
16956,805
16957,1618
16958,605
16959,365
16960,491
16961,684
16962,625
16963,678
16964,900
16965,1068
16966,1431
16967,1451
16968,1121
16969,728
16970,600
16971,461
16972,353
16973,334
16974,172
16975,158
16976,58
16977,19
16978,15
16979,42
16980,96
16981,245
16982,580
16983,716
16984,997
16985,1197
16986,884
16987,1090
16988,1384
16989,1091
16990,978
16991,899
16992,787
16993,395
16994,423
16995,387
16996,259
16997,319
16998,173
16999,225
17000,90
17001,32
17002,18
17003,40
17004,90
17005,426
17006,467
17007,713
17008,806
17009,1078
17010,947
17011,844
17012,993
17013,795
17014,946
17015,516
17016,536
17017,570
17018,363
17019,320
17020,185
17021,62
17022,26
17023,14
17024,9
17025,14
17026,85
17027,369
17028,1084
17029,1733
17030,748
17031,379
17032,394
17033,469
17034,503
17035,464
17036,667
17037,294
17038,1570
17039,1708
17040,1093
17041,794
17042,705
17043,443
17044,100
17331,316
17332,229
17333,189
17334,79
17335,32
17336,18
17337,27
17338,84
17339,221
17340,356
17341,584
17342,809
17343,1031
17344,770
17345,594
17346,959
17347,680
17348,580
17349,576
17350,481
17351,316
17352,227
17353,251
17354,106
17355,50
17356,22
17357,12
17358,7
17359,16
17360,67
17361,251
17362,763
17363,1551
17364,404
17365,306
17366,331
17367,454
17368,436
17369,679
17370,527
17371,756
17372,1498
17373,1428
17374,1048
17375,777
17376,522
17377,348
17378,181
